[150]_woz_s1_p2ACTUAL,sea,Main Experiment,High,1,2014-07-22,17:11:42:180,nav,27,long,high,start,NA,3482 Speed Way,NA,NA,0,
[150]_woz_s1_p2ACTUAL,sea,Main Experiment,High,1,2014-07-22,17:11:43:275,nav,27,long,high,next_task,NA,3482 Speed Way,NA,NA,0,
[150]_woz_s1_p2ACTUAL,sea,Main Experiment,High,1,2014-07-22,17:11:59:944,nav,27,long,high,command_correct,NA,3482 Speed Way,NA,NA,0,
[150]_woz_s1_p2ACTUAL,sea,Main Experiment,High,1,2014-07-22,17:12:17:209,nav,27,long,high,confirm_correct,NA,3482 Speed Way,NA,NA,0,
[150]_woz_s1_p2ACTUAL,sea,Main Experiment,High,1,2014-07-22,17:12:17:712,nav,27,long,high,catch_sys_error,NA,3482 Speed Way,NA,NA,0,
[150]_woz_s1_p2ACTUAL,sea,Main Experiment,High,1,2014-07-22,17:12:33:140,nav,27,long,high,command_correct,NA,3482 Speed Way,NA,NA,0,
[150]_woz_s1_p2ACTUAL,sea,Main Experiment,High,1,2014-07-22,17:12:50:188,nav,27,long,high,confirm_correct,NA,3482 Speed Way,NA,NA,0,
[150]_woz_s1_p2ACTUAL,sea,Main Experiment,High,1,2014-07-22,17:12:50:301,nav,28,long,high,next_task,NA,1508 Martin Street,NA,NA,0,
[150]_woz_s1_p2ACTUAL,sea,Main Experiment,High,1,2014-07-22,17:13:06:355,nav,28,long,high,command_incorrect,NA,1508 Martin Street,NA,NA,0,
[150]_woz_s1_p2ACTUAL,sea,Main Experiment,High,1,2014-07-22,17:13:23:365,nav,28,long,high,command_incorrect,NA,1508 Martin Street,NA,NA,0,
[150]_woz_s1_p2ACTUAL,sea,Main Experiment,High,1,2014-07-22,17:13:39:539,nav,28,long,high,command_correct,NA,1508 Martin Street,NA,NA,0,
[150]_woz_s1_p2ACTUAL,sea,Main Experiment,High,1,2014-07-22,17:13:56:491,nav,28,long,high,confirm_correct,NA,1508 Martin Street,NA,NA,0,
[150]_woz_s1_p2ACTUAL,sea,Main Experiment,High,1,2014-07-22,17:13:56:993,nav,28,long,high,catch_sys_error,NA,1508 Martin Street,NA,NA,0,
[150]_woz_s1_p2ACTUAL,sea,Main Experiment,High,1,2014-07-22,17:14:14:022,nav,28,long,high,command_correct,NA,1508 Martin Street,NA,NA,0,
[150]_woz_s1_p2ACTUAL,sea,Main Experiment,High,1,2014-07-22,17:14:31:476,nav,28,long,high,confirm_correct,NA,1508 Martin Street,NA,NA,0,
[150]_woz_s1_p2ACTUAL,sea,Main Experiment,High,1,2014-07-22,17:14:31:562,nav,29,long,low,next_task,NA,2375 Pacific Street,NA,NA,0,
[150]_woz_s1_p2ACTUAL,sea,Main Experiment,High,1,2014-07-22,17:14:48:785,nav,29,long,low,command_correct,NA,2375 Pacific Street,NA,NA,0,
[150]_woz_s1_p2ACTUAL,sea,Main Experiment,High,1,2014-07-22,17:15:05:717,nav,29,long,low,confirm_correct,NA,2375 Pacific Street,NA,NA,0,
[150]_woz_s1_p2ACTUAL,sea,Main Experiment,High,1,2014-07-22,17:15:05:789,tdt,NA,NA,NA,next_task,NA,NA,NA,NA,0,
[150]_woz_s1_p2ACTUAL,sea,Main Experiment,High,1,2014-07-22,17:16:10:909,calendar,30,long,high,next_task,NA,NA,Sophia Walgreen Wednesday 8:00 AM,NA,0,
[150]_woz_s1_p2ACTUAL,sea,Main Experiment,High,1,2014-07-22,17:16:25:819,calendar,30,long,high,command_correct,NA,NA,Sophia Walgreen Wednesday 8:00 AM,NA,0,
[150]_woz_s1_p2ACTUAL,sea,Main Experiment,High,1,2014-07-22,17:16:42:193,calendar,30,long,high,confirm_correct,NA,NA,Sophia Walgreen Wednesday 8:00 AM,NA,0,
[150]_woz_s1_p2ACTUAL,sea,Main Experiment,High,1,2014-07-22,17:16:42:694,calendar,30,long,high,catch_sys_error,NA,NA,Sophia Walgreen Wednesday 8:00 AM,NA,0,
[150]_woz_s1_p2ACTUAL,sea,Main Experiment,High,1,2014-07-22,17:16:58:136,calendar,30,long,high,command_correct,NA,NA,Sophia Walgreen Wednesday 8:00 AM,NA,0,
[150]_woz_s1_p2ACTUAL,sea,Main Experiment,High,1,2014-07-22,17:17:14:984,calendar,30,long,high,confirm_correct,NA,NA,Sophia Walgreen Wednesday 8:00 AM,NA,0,
[150]_woz_s1_p2ACTUAL,sea,Main Experiment,High,1,2014-07-22,17:17:15:054,calendar,31,long,high,next_task,NA,NA,Tim Target Tuesday 6:00 PM,NA,0,
[150]_woz_s1_p2ACTUAL,sea,Main Experiment,High,1,2014-07-22,17:17:30:017,calendar,31,long,high,command_correct,NA,NA,Tim Target Tuesday 6:00 PM,NA,0,
[150]_woz_s1_p2ACTUAL,sea,Main Experiment,High,1,2014-07-22,17:17:45:911,calendar,31,long,high,confirm_correct,NA,NA,Tim Target Tuesday 6:00 PM,NA,0,
[150]_woz_s1_p2ACTUAL,sea,Main Experiment,High,1,2014-07-22,17:17:46:413,calendar,31,long,high,catch_sys_error,NA,NA,Tim Target Tuesday 6:00 PM,NA,0,
[150]_woz_s1_p2ACTUAL,sea,Main Experiment,High,1,2014-07-22,17:18:00:830,calendar,31,long,high,command_correct,NA,NA,Tim Target Tuesday 6:00 PM,NA,0,
[150]_woz_s1_p2ACTUAL,sea,Main Experiment,High,1,2014-07-22,17:18:17:537,calendar,31,long,high,confirm_correct,NA,NA,Tim Target Tuesday 6:00 PM,NA,0,
[150]_woz_s1_p2ACTUAL,sea,Main Experiment,High,1,2014-07-22,17:18:17:592,calendar,32,long,low,next_task,NA,NA,John Dollar Tree Friday 4:00 PM,NA,0,
[150]_woz_s1_p2ACTUAL,sea,Main Experiment,High,1,2014-07-22,17:18:32:500,calendar,32,long,low,command_correct,NA,NA,John Dollar Tree Friday 4:00 PM,NA,0,
[150]_woz_s1_p2ACTUAL,sea,Main Experiment,High,1,2014-07-22,17:18:49:066,calendar,32,long,low,confirm_correct,NA,NA,John Dollar Tree Friday 4:00 PM,NA,0,
[150]_woz_s1_p2ACTUAL,sea,Main Experiment,High,1,2014-07-22,17:18:49:139,tdt,NA,NA,NA,next_task,NA,NA,NA,NA,0,
[150]_woz_s1_p2ACTUAL,sea,Main Experiment,High,1,2014-07-22,17:19:54:237,radio,33,long,high,next_task,Seattle News,NA,NA,NA,0,
[150]_woz_s1_p2ACTUAL,sea,Main Experiment,High,1,2014-07-22,17:20:04:396,radio,33,long,high,command_correct,Seattle News,NA,NA,NA,0,
[150]_woz_s1_p2ACTUAL,sea,Main Experiment,High,1,2014-07-22,17:20:19:616,radio,33,long,high,confirm_correct,Seattle News,NA,NA,NA,0,
[150]_woz_s1_p2ACTUAL,sea,Main Experiment,High,1,2014-07-22,17:20:20:121,radio,33,long,high,catch_sys_error,Seattle News,NA,NA,NA,0,
[150]_woz_s1_p2ACTUAL,sea,Main Experiment,High,1,2014-07-22,17:20:28:532,radio,33,long,high,command_correct,Seattle News,NA,NA,NA,0,
[150]_woz_s1_p2ACTUAL,sea,Main Experiment,High,1,2014-07-22,17:20:45:560,radio,33,long,high,confirm_correct,Seattle News,NA,NA,NA,0,
[150]_woz_s1_p2ACTUAL,sea,Main Experiment,High,1,2014-07-22,17:20:45:618,radio,34,long,high,next_task,Universal Station,NA,NA,NA,0,
[150]_woz_s1_p2ACTUAL,sea,Main Experiment,High,1,2014-07-22,17:20:54:942,radio,34,long,high,command_correct,Universal Station,NA,NA,NA,0,
[150]_woz_s1_p2ACTUAL,sea,Main Experiment,High,1,2014-07-22,17:21:12:658,radio,34,long,high,confirm_correct,Universal Station,NA,NA,NA,0,
[150]_woz_s1_p2ACTUAL,sea,Main Experiment,High,1,2014-07-22,17:21:13:159,radio,34,long,high,catch_sys_error,Universal Station,NA,NA,NA,0,
[150]_woz_s1_p2ACTUAL,sea,Main Experiment,High,1,2014-07-22,17:21:22:027,radio,34,long,high,command_correct,Universal Station,NA,NA,NA,0,
[150]_woz_s1_p2ACTUAL,sea,Main Experiment,High,1,2014-07-22,17:21:45:739,radio,34,long,high,confirm_correct,Universal Station,NA,NA,NA,0,
[150]_woz_s1_p2ACTUAL,sea,Main Experiment,High,1,2014-07-22,17:21:45:828,radio,35,long,high,next_task,Christian Rock,NA,NA,NA,0,
[150]_woz_s1_p2ACTUAL,sea,Main Experiment,High,1,2014-07-22,17:21:54:333,radio,35,long,high,command_correct,Christian Rock,NA,NA,NA,0,
[150]_woz_s1_p2ACTUAL,sea,Main Experiment,High,1,2014-07-22,17:22:10:053,radio,35,long,high,confirm_correct,Christian Rock,NA,NA,NA,0,
[150]_woz_s1_p2ACTUAL,sea,Main Experiment,High,1,2014-07-22,17:22:10:555,radio,35,long,high,catch_sys_error,Christian Rock,NA,NA,NA,0,
[150]_woz_s1_p2ACTUAL,sea,Main Experiment,High,1,2014-07-22,17:22:24:894,radio,35,long,high,command_correct,Christian Rock,NA,NA,NA,0,
[150]_woz_s1_p2ACTUAL,sea,Main Experiment,High,1,2014-07-22,17:22:40:941,radio,35,long,high,confirm_correct,Christian Rock,NA,NA,NA,0,
[150]_woz_s1_p2ACTUAL,sea,Main Experiment,High,1,2014-07-22,17:22:40:984,radio,36,long,high,next_task,Pacific Station,NA,NA,NA,0,
[150]_woz_s1_p2ACTUAL,sea,Main Experiment,High,1,2014-07-22,17:22:49:109,radio,36,long,high,command_correct,Pacific Station,NA,NA,NA,0,
[150]_woz_s1_p2ACTUAL,sea,Main Experiment,High,1,2014-07-22,17:23:07:776,radio,36,long,high,confirm_correct,Pacific Station,NA,NA,NA,0,
[150]_woz_s1_p2ACTUAL,sea,Main Experiment,High,1,2014-07-22,17:23:08:279,radio,36,long,high,catch_sys_error,Pacific Station,NA,NA,NA,0,
[150]_woz_s1_p2ACTUAL,sea,Main Experiment,High,1,2014-07-22,17:23:16:347,radio,36,long,high,command_correct,Pacific Station,NA,NA,NA,0,
[150]_woz_s1_p2ACTUAL,sea,Main Experiment,High,1,2014-07-22,17:23:32:474,radio,37,long,low,next_task,Korean Radio,NA,NA,NA,0,
[150]_woz_s1_p2ACTUAL,sea,Main Experiment,High,1,2014-07-22,17:23:32:391,radio,36,long,high,confirm_correct,Pacific Station,NA,NA,NA,0,
[150]_woz_s1_p2ACTUAL,sea,Main Experiment,High,1,2014-07-22,17:23:41:046,radio,37,long,low,command_correct,Korean Radio,NA,NA,NA,0,
[150]_woz_s1_p2ACTUAL,sea,Main Experiment,High,1,2014-07-22,17:23:57:939,radio,37,long,low,confirm_correct,Korean Radio,NA,NA,NA,0,
[150]_woz_s1_p2ACTUAL,sea,Main Experiment,High,1,2014-07-22,17:23:58:176,radio,38,long,low,next_task,American Radio,NA,NA,NA,0,
[150]_woz_s1_p2ACTUAL,sea,Main Experiment,High,1,2014-07-22,17:24:06:979,radio,38,long,low,command_correct,American Radio,NA,NA,NA,0,
[150]_woz_s1_p2ACTUAL,sea,Main Experiment,High,1,2014-07-22,17:24:23:011,tdt,NA,NA,NA,next_task,NA,NA,NA,NA,0,
[150]_woz_s1_p2ACTUAL,sea,Main Experiment,High,1,2014-07-22,17:24:22:960,radio,38,long,low,confirm_correct,American Radio,NA,NA,NA,0,
[150]_woz_s1_p2ACTUAL,sea,Main Experiment,High,1,2014-07-22,17:25:28:823,n-back,39,long,NA,next_task,NA,NA,NA,NA,0,
[150]_woz_s1_p2ACTUAL,sea,Main Experiment,High,1,2014-07-22,17:25:41:646,n-back,39,long,NA,nb_num,NA,NA,NA,{ 6},0,
[150]_woz_s1_p2ACTUAL,sea,Main Experiment,High,1,2014-07-22,17:25:44:645,n-back,39,long,NA,nb_num,NA,NA,NA,{ 6 0},0,
[150]_woz_s1_p2ACTUAL,sea,Main Experiment,High,1,2014-07-22,17:25:46:231,n-back,39,long,NA,nb_correct,NA,NA,NA,{ 6 0},1,
[150]_woz_s1_p2ACTUAL,sea,Main Experiment,High,1,2014-07-22,17:25:47:646,n-back,39,long,NA,nb_num,NA,NA,NA,{ 6 0 7},1,
[150]_woz_s1_p2ACTUAL,sea,Main Experiment,High,1,2014-07-22,17:25:49:422,n-back,39,long,NA,nb_correct,NA,NA,NA,{ 6 0 7},2,
[150]_woz_s1_p2ACTUAL,sea,Main Experiment,High,1,2014-07-22,17:25:50:652,n-back,39,long,NA,nb_num,NA,NA,NA,{ 6 0 7 6},2,
[150]_woz_s1_p2ACTUAL,sea,Main Experiment,High,1,2014-07-22,17:25:52:304,n-back,39,long,NA,nb_correct,NA,NA,NA,{ 6 0 7 6},3,
[150]_woz_s1_p2ACTUAL,sea,Main Experiment,High,1,2014-07-22,17:25:53:666,n-back,39,long,NA,nb_num,NA,NA,NA,{ 6 0 7 6 4},3,
[150]_woz_s1_p2ACTUAL,sea,Main Experiment,High,1,2014-07-22,17:25:55:168,n-back,39,long,NA,nb_correct,NA,NA,NA,{ 6 0 7 6 4},4,
[150]_woz_s1_p2ACTUAL,sea,Main Experiment,High,1,2014-07-22,17:25:56:665,n-back,39,long,NA,nb_num,NA,NA,NA,{ 6 0 7 6 4 8},4,
[150]_woz_s1_p2ACTUAL,sea,Main Experiment,High,1,2014-07-22,17:25:58:167,n-back,39,long,NA,nb_correct,NA,NA,NA,{ 6 0 7 6 4 8},5,
[150]_woz_s1_p2ACTUAL,sea,Main Experiment,High,1,2014-07-22,17:25:59:666,n-back,39,long,NA,nb_num,NA,NA,NA,{ 6 0 7 6 4 8 6},5,
[150]_woz_s1_p2ACTUAL,sea,Main Experiment,High,1,2014-07-22,17:26:01:427,n-back,39,long,NA,nb_correct,NA,NA,NA,{ 6 0 7 6 4 8 6},6,
[150]_woz_s1_p2ACTUAL,sea,Main Experiment,High,1,2014-07-22,17:26:02:667,n-back,39,long,NA,nb_num,NA,NA,NA,{ 6 0 7 6 4 8 6 5},6,
[150]_woz_s1_p2ACTUAL,sea,Main Experiment,High,1,2014-07-22,17:26:05:667,n-back,39,long,NA,nb_num,NA,NA,NA,{ 6 0 7 6 4 8 6 5 0},6,
[150]_woz_s1_p2ACTUAL,sea,Main Experiment,High,1,2014-07-22,17:26:07:575,n-back,39,long,NA,nb_correct,NA,NA,NA,{ 6 0 7 6 4 8 6 5 0},7,
[150]_woz_s1_p2ACTUAL,sea,Main Experiment,High,1,2014-07-22,17:26:08:668,n-back,39,long,NA,nb_num,NA,NA,NA,{ 6 0 7 6 4 8 6 5 0 1},7,
[150]_woz_s1_p2ACTUAL,sea,Main Experiment,High,1,2014-07-22,17:26:10:209,n-back,39,long,NA,nb_correct,NA,NA,NA,{ 6 0 7 6 4 8 6 5 0 1},8,
[150]_woz_s1_p2ACTUAL,sea,Main Experiment,High,1,2014-07-22,17:26:11:684,n-back,39,long,NA,nb_num,NA,NA,NA,{ 6 0 7 6 4 8 6 5 0 1 4},8,
[150]_woz_s1_p2ACTUAL,sea,Main Experiment,High,1,2014-07-22,17:26:13:339,n-back,39,long,NA,nb_correct,NA,NA,NA,{ 6 0 7 6 4 8 6 5 0 1 4},9,
[150]_woz_s1_p2ACTUAL,sea,Main Experiment,High,1,2014-07-22,17:26:14:684,n-back,39,long,NA,nb_num,NA,NA,NA,{ 6 0 7 6 4 8 6 5 0 1 4 8},9,
[150]_woz_s1_p2ACTUAL,sea,Main Experiment,High,1,2014-07-22,17:26:16:324,n-back,39,long,NA,nb_correct,NA,NA,NA,{ 6 0 7 6 4 8 6 5 0 1 4 8},10,
[150]_woz_s1_p2ACTUAL,sea,Main Experiment,High,1,2014-07-22,17:26:17:684,n-back,39,long,NA,nb_num,NA,NA,NA,{ 6 0 7 6 4 8 6 5 0 1 4 8 4},10,
[150]_woz_s1_p2ACTUAL,sea,Main Experiment,High,1,2014-07-22,17:26:19:565,n-back,39,long,NA,nb_correct,NA,NA,NA,{ 6 0 7 6 4 8 6 5 0 1 4 8 4},11,
[150]_woz_s1_p2ACTUAL,sea,Main Experiment,High,1,2014-07-22,17:26:20:689,n-back,39,long,NA,nb_num,NA,NA,NA,{ 6 0 7 6 4 8 6 5 0 1 4 8 4 9},11,
[150]_woz_s1_p2ACTUAL,sea,Main Experiment,High,1,2014-07-22,17:26:22:633,n-back,39,long,NA,nb_correct,NA,NA,NA,{ 6 0 7 6 4 8 6 5 0 1 4 8 4 9},12,
[150]_woz_s1_p2ACTUAL,sea,Main Experiment,High,1,2014-07-22,17:26:23:707,n-back,39,long,NA,nb_num,NA,NA,NA,{ 6 0 7 6 4 8 6 5 0 1 4 8 4 9 1},12,
[150]_woz_s1_p2ACTUAL,sea,Main Experiment,High,1,2014-07-22,17:26:25:488,n-back,39,long,NA,nb_correct,NA,NA,NA,{ 6 0 7 6 4 8 6 5 0 1 4 8 4 9 1},13,
[150]_woz_s1_p2ACTUAL,sea,Main Experiment,High,1,2014-07-22,17:26:26:709,n-back,39,long,NA,nb_num,NA,NA,NA,{ 6 0 7 6 4 8 6 5 0 1 4 8 4 9 1 6},13,
[150]_woz_s1_p2ACTUAL,sea,Main Experiment,High,1,2014-07-22,17:26:28:506,n-back,39,long,NA,nb_correct,NA,NA,NA,{ 6 0 7 6 4 8 6 5 0 1 4 8 4 9 1 6},14,
[150]_woz_s1_p2ACTUAL,sea,Main Experiment,High,1,2014-07-22,17:26:29:715,n-back,39,long,NA,nb_num,NA,NA,NA,{ 6 0 7 6 4 8 6 5 0 1 4 8 4 9 1 6 5},14,
[150]_woz_s1_p2ACTUAL,sea,Main Experiment,High,1,2014-07-22,17:26:31:298,n-back,39,long,NA,nb_correct,NA,NA,NA,{ 6 0 7 6 4 8 6 5 0 1 4 8 4 9 1 6 5},15,
[150]_woz_s1_p2ACTUAL,sea,Main Experiment,High,1,2014-07-22,17:26:32:717,n-back,39,long,NA,nb_num,NA,NA,NA,{ 6 0 7 6 4 8 6 5 0 1 4 8 4 9 1 6 5 4},15,
[150]_woz_s1_p2ACTUAL,sea,Main Experiment,High,1,2014-07-22,17:26:34:149,n-back,39,long,NA,nb_correct,NA,NA,NA,{ 6 0 7 6 4 8 6 5 0 1 4 8 4 9 1 6 5 4},16,
[150]_woz_s1_p2ACTUAL,sea,Main Experiment,High,1,2014-07-22,17:26:35:729,n-back,39,long,NA,nb_num,NA,NA,NA,{ 6 0 7 6 4 8 6 5 0 1 4 8 4 9 1 6 5 4 8},16,
[150]_woz_s1_p2ACTUAL,sea,Main Experiment,High,1,2014-07-22,17:26:37:386,n-back,39,long,NA,nb_correct,NA,NA,NA,{ 6 0 7 6 4 8 6 5 0 1 4 8 4 9 1 6 5 4 8},17,
[150]_woz_s1_p2ACTUAL,sea,Main Experiment,High,1,2014-07-22,17:26:38:730,n-back,39,long,NA,nb_num,NA,NA,NA,{ 6 0 7 6 4 8 6 5 0 1 4 8 4 9 1 6 5 4 8 2},17,
[150]_woz_s1_p2ACTUAL,sea,Main Experiment,High,1,2014-07-22,17:26:40:385,n-back,39,long,NA,nb_correct,NA,NA,NA,{ 6 0 7 6 4 8 6 5 0 1 4 8 4 9 1 6 5 4 8 2},18,
[150]_woz_s1_p2ACTUAL,sea,Main Experiment,High,1,2014-07-22,17:26:41:730,n-back,39,long,NA,nb_num,NA,NA,NA,{ 6 0 7 6 4 8 6 5 0 1 4 8 4 9 1 6 5 4 8 2 7},18,
[150]_woz_s1_p2ACTUAL,sea,Main Experiment,High,1,2014-07-22,17:26:43:623,n-back,39,long,NA,nb_correct,NA,NA,NA,{ 6 0 7 6 4 8 6 5 0 1 4 8 4 9 1 6 5 4 8 2 7},19,
[150]_woz_s1_p2ACTUAL,sea,Main Experiment,High,1,2014-07-22,17:26:46:552,nav,40,short,high,next_task,NA,8324 Greenway Blvd,NA,NA,0,
[150]_woz_s1_p2ACTUAL,sea,Main Experiment,High,1,2014-07-22,17:27:04:145,nav,40,short,high,command_incorrect,NA,8324 Greenway Blvd,NA,NA,0,
[150]_woz_s1_p2ACTUAL,sea,Main Experiment,High,1,2014-07-22,17:27:21:437,nav,40,short,high,command_correct,NA,8324 Greenway Blvd,NA,NA,0,
[150]_woz_s1_p2ACTUAL,sea,Main Experiment,High,1,2014-07-22,17:27:30:353,nav,40,short,high,confirm_incorrect,NA,8324 Greenway Blvd,NA,NA,0,
[150]_woz_s1_p2ACTUAL,sea,Main Experiment,High,1,2014-07-22,17:27:30:400,nav,41,short,high,next_task,NA,5342 Columbia Street,NA,NA,0,
[150]_woz_s1_p2ACTUAL,sea,Main Experiment,High,1,2014-07-22,17:27:48:102,nav,41,short,high,command_correct,NA,5342 Columbia Street,NA,NA,0,
[150]_woz_s1_p2ACTUAL,sea,Main Experiment,High,1,2014-07-22,17:27:57:381,nav,41,short,high,confirm_incorrect,NA,5342 Columbia Street,NA,NA,0,
[150]_woz_s1_p2ACTUAL,sea,Main Experiment,High,1,2014-07-22,17:27:57:429,nav,42,short,low,next_task,NA,9573 Washington Ave,NA,NA,0,
[150]_woz_s1_p2ACTUAL,sea,Main Experiment,High,1,2014-07-22,17:28:15:548,nav,42,short,low,command_incorrect,NA,9573 Washington Ave,NA,NA,0,
[150]_woz_s1_p2ACTUAL,sea,Main Experiment,High,1,2014-07-22,17:28:33:771,nav,42,short,low,command_incorrect,NA,9573 Washington Ave,NA,NA,0,
[150]_woz_s1_p2ACTUAL,sea,Main Experiment,High,1,2014-07-22,17:28:52:478,nav,42,short,low,command_incorrect,NA,9573 Washington Ave,NA,NA,0,
[150]_woz_s1_p2ACTUAL,sea,Main Experiment,High,1,2014-07-22,17:28:52:560,tdt,NA,NA,NA,next_task,NA,NA,NA,NA,0,
[150]_woz_s1_p2ACTUAL,sea,Main Experiment,High,1,2014-07-22,17:28:52:980,tdt,NA,NA,NA,fail_command_repeat,NA,NA,NA,NA,0,
[150]_woz_s1_p2ACTUAL,sea,Main Experiment,High,1,2014-07-22,17:29:57:667,calendar,43,short,high,next_task,NA,NA,Peter 7-Eleven Monday 7:00 AM,NA,0,
[150]_woz_s1_p2ACTUAL,sea,Main Experiment,High,1,2014-07-22,17:30:13:272,calendar,43,short,high,command_incorrect,NA,NA,Peter 7-Eleven Monday 7:00 AM,NA,0,
[150]_woz_s1_p2ACTUAL,sea,Main Experiment,High,1,2014-07-22,17:30:27:679,calendar,43,short,high,command_correct,NA,NA,Peter 7-Eleven Monday 7:00 AM,NA,0,
[150]_woz_s1_p2ACTUAL,sea,Main Experiment,High,1,2014-07-22,17:30:37:017,calendar,43,short,high,confirm_correct,NA,NA,Peter 7-Eleven Monday 7:00 AM,NA,0,
[150]_woz_s1_p2ACTUAL,sea,Main Experiment,High,1,2014-07-22,17:30:37:519,calendar,43,short,high,catch_sys_error,NA,NA,Peter 7-Eleven Monday 7:00 AM,NA,0,
[150]_woz_s1_p2ACTUAL,sea,Main Experiment,High,1,2014-07-22,17:30:51:163,calendar,43,short,high,command_correct,NA,NA,Peter 7-Eleven Monday 7:00 AM,NA,0,
[150]_woz_s1_p2ACTUAL,sea,Main Experiment,High,1,2014-07-22,17:31:00:745,calendar,43,short,high,confirm_correct,NA,NA,Peter 7-Eleven Monday 7:00 AM,NA,0,
[150]_woz_s1_p2ACTUAL,sea,Main Experiment,High,1,2014-07-22,17:31:00:819,calendar,44,short,high,next_task,NA,NA,Joshua Barber Shop Friday 11:00 AM,NA,0,
[150]_woz_s1_p2ACTUAL,sea,Main Experiment,High,1,2014-07-22,17:31:16:219,calendar,44,short,high,command_correct,NA,NA,Joshua Barber Shop Friday 11:00 AM,NA,0,
[150]_woz_s1_p2ACTUAL,sea,Main Experiment,High,1,2014-07-22,17:31:26:363,calendar,44,short,high,confirm_correct,NA,NA,Joshua Barber Shop Friday 11:00 AM,NA,0,
[150]_woz_s1_p2ACTUAL,sea,Main Experiment,High,1,2014-07-22,17:31:26:865,calendar,44,short,high,catch_sys_error,NA,NA,Joshua Barber Shop Friday 11:00 AM,NA,0,
[150]_woz_s1_p2ACTUAL,sea,Main Experiment,High,1,2014-07-22,17:31:41:230,calendar,44,short,high,command_correct,NA,NA,Joshua Barber Shop Friday 11:00 AM,NA,0,
[150]_woz_s1_p2ACTUAL,sea,Main Experiment,High,1,2014-07-22,17:31:50:063,calendar,44,short,high,confirm_correct,NA,NA,Joshua Barber Shop Friday 11:00 AM,NA,0,
[150]_woz_s1_p2ACTUAL,sea,Main Experiment,High,1,2014-07-22,17:31:50:175,calendar,45,short,low,next_task,NA,NA,Addison Safeway Saturday 10:00 AM,NA,0,
[150]_woz_s1_p2ACTUAL,sea,Main Experiment,High,1,2014-07-22,17:32:06:883,calendar,45,short,low,command_incorrect,NA,NA,Addison Safeway Saturday 10:00 AM,NA,0,
[150]_woz_s1_p2ACTUAL,sea,Main Experiment,High,1,2014-07-22,17:32:22:208,calendar,45,short,low,command_correct,NA,NA,Addison Safeway Saturday 10:00 AM,NA,0,
[150]_woz_s1_p2ACTUAL,sea,Main Experiment,High,1,2014-07-22,17:32:30:530,calendar,45,short,low,confirm_correct,NA,NA,Addison Safeway Saturday 10:00 AM,NA,0,
[150]_woz_s1_p2ACTUAL,sea,Main Experiment,High,1,2014-07-22,17:32:30:594,tdt,NA,NA,NA,next_task,NA,NA,NA,NA,0,
[150]_woz_s1_p2ACTUAL,sea,Main Experiment,High,1,2014-07-22,17:33:35:828,radio,46,short,high,next_task,NBC Radio,NA,NA,NA,0,
[150]_woz_s1_p2ACTUAL,sea,Main Experiment,High,1,2014-07-22,17:33:44:926,radio,46,short,high,command_correct,NBC Radio,NA,NA,NA,0,
[150]_woz_s1_p2ACTUAL,sea,Main Experiment,High,1,2014-07-22,17:33:53:648,radio,46,short,high,confirm_correct,NBC Radio,NA,NA,NA,0,
[150]_woz_s1_p2ACTUAL,sea,Main Experiment,High,1,2014-07-22,17:33:54:149,radio,46,short,high,catch_sys_error,NBC Radio,NA,NA,NA,0,
[150]_woz_s1_p2ACTUAL,sea,Main Experiment,High,1,2014-07-22,17:34:02:353,radio,46,short,high,command_correct,NBC Radio,NA,NA,NA,0,
[150]_woz_s1_p2ACTUAL,sea,Main Experiment,High,1,2014-07-22,17:34:10:723,radio,46,short,high,confirm_correct,NBC Radio,NA,NA,NA,0,
[150]_woz_s1_p2ACTUAL,sea,Main Experiment,High,1,2014-07-22,17:34:10:766,radio,47,short,high,next_task,Mexican Hits,NA,NA,NA,0,
[150]_woz_s1_p2ACTUAL,sea,Main Experiment,High,1,2014-07-22,17:34:19:339,radio,47,short,high,command_correct,Mexican Hits,NA,NA,NA,0,
[150]_woz_s1_p2ACTUAL,sea,Main Experiment,High,1,2014-07-22,17:34:29:620,radio,47,short,high,confirm_correct,Mexican Hits,NA,NA,NA,0,
[150]_woz_s1_p2ACTUAL,sea,Main Experiment,High,1,2014-07-22,17:34:30:121,radio,47,short,high,catch_sys_error,Mexican Hits,NA,NA,NA,0,
[150]_woz_s1_p2ACTUAL,sea,Main Experiment,High,1,2014-07-22,17:34:37:953,radio,47,short,high,command_correct,Mexican Hits,NA,NA,NA,0,
[150]_woz_s1_p2ACTUAL,sea,Main Experiment,High,1,2014-07-22,17:34:46:259,radio,47,short,high,confirm_correct,Mexican Hits,NA,NA,NA,0,
[150]_woz_s1_p2ACTUAL,sea,Main Experiment,High,1,2014-07-22,17:34:46:313,radio,48,short,high,next_task,Hot AC,NA,NA,NA,0,
[150]_woz_s1_p2ACTUAL,sea,Main Experiment,High,1,2014-07-22,17:34:54:416,radio,48,short,high,command_correct,Hot AC,NA,NA,NA,0,
[150]_woz_s1_p2ACTUAL,sea,Main Experiment,High,1,2014-07-22,17:35:03:315,radio,48,short,high,confirm_correct,Hot AC,NA,NA,NA,0,
[150]_woz_s1_p2ACTUAL,sea,Main Experiment,High,1,2014-07-22,17:35:03:816,radio,48,short,high,catch_sys_error,Hot AC,NA,NA,NA,0,
[150]_woz_s1_p2ACTUAL,sea,Main Experiment,High,1,2014-07-22,17:35:11:103,radio,48,short,high,command_correct,Hot AC,NA,NA,NA,0,
[150]_woz_s1_p2ACTUAL,sea,Main Experiment,High,1,2014-07-22,17:35:18:712,radio,48,short,high,confirm_correct,Hot AC,NA,NA,NA,0,
[150]_woz_s1_p2ACTUAL,sea,Main Experiment,High,1,2014-07-22,17:35:18:755,radio,49,short,high,next_task,Freedom Station,NA,NA,NA,0,
[150]_woz_s1_p2ACTUAL,sea,Main Experiment,High,1,2014-07-22,17:35:27:067,radio,49,short,high,command_correct,Freedom Station,NA,NA,NA,0,
[150]_woz_s1_p2ACTUAL,sea,Main Experiment,High,1,2014-07-22,17:35:35:084,radio,49,short,high,confirm_correct,Freedom Station,NA,NA,NA,0,
[150]_woz_s1_p2ACTUAL,sea,Main Experiment,High,1,2014-07-22,17:35:35:587,radio,49,short,high,catch_sys_error,Freedom Station,NA,NA,NA,0,
[150]_woz_s1_p2ACTUAL,sea,Main Experiment,High,1,2014-07-22,17:35:43:357,radio,49,short,high,command_correct,Freedom Station,NA,NA,NA,0,
[150]_woz_s1_p2ACTUAL,sea,Main Experiment,High,1,2014-07-22,17:35:58:395,radio,49,short,high,confirm_correct,Freedom Station,NA,NA,NA,0,
[150]_woz_s1_p2ACTUAL,sea,Main Experiment,High,1,2014-07-22,17:35:58:451,radio,50,short,low,next_task,College Station,NA,NA,NA,0,
[150]_woz_s1_p2ACTUAL,sea,Main Experiment,High,1,2014-07-22,17:36:06:533,radio,50,short,low,command_correct,College Station,NA,NA,NA,0,
[150]_woz_s1_p2ACTUAL,sea,Main Experiment,High,1,2014-07-22,17:36:13:442,radio,50,short,low,confirm_correct,College Station,NA,NA,NA,0,
[150]_woz_s1_p2ACTUAL,sea,Main Experiment,High,1,2014-07-22,17:36:13:482,radio,51,short,low,next_task,Midwest Communications,NA,NA,NA,0,
[150]_woz_s1_p2ACTUAL,sea,Main Experiment,High,1,2014-07-22,17:36:22:224,radio,51,short,low,command_correct,Midwest Communications,NA,NA,NA,0,
[150]_woz_s1_p2ACTUAL,sea,Main Experiment,High,1,2014-07-22,17:36:30:112,radio,51,short,low,confirm_correct,Midwest Communications,NA,NA,NA,0,
[150]_woz_s1_p2ACTUAL,sea,Main Experiment,High,1,2014-07-22,17:36:30:362,tdt,NA,NA,NA,next_task,NA,NA,NA,NA,0,
[150]_woz_s1_p2ACTUAL,sea,Main Experiment,High,1,2014-07-22,17:37:35:447,end,52,short,NA,next_task,NA,NA,NA,NA,0,
