[149]_woz_s2_p1,sea,Main Experiment,High,2,2014-07-21,13:46:58:046,nav,1,short,high,start,NA,8576 Fremont Street,NA,NA,0,
[149]_woz_s2_p1,sea,Main Experiment,High,2,2014-07-21,13:46:59:304,nav,1,short,high,next_task,NA,8576 Fremont Street,NA,NA,0,
[149]_woz_s2_p1,sea,Main Experiment,High,2,2014-07-21,13:47:16:142,nav,1,short,high,command_correct,NA,8576 Fremont Street,NA,NA,0,
[149]_woz_s2_p1,sea,Main Experiment,High,2,2014-07-21,13:47:26:595,nav,1,short,high,confirm_correct,NA,8576 Fremont Street,NA,NA,0,
[149]_woz_s2_p1,sea,Main Experiment,High,2,2014-07-21,13:47:27:096,nav,1,short,high,catch_sys_error,NA,8576 Fremont Street,NA,NA,0,
[149]_woz_s2_p1,sea,Main Experiment,High,2,2014-07-21,13:47:43:384,nav,1,short,high,command_correct,NA,8576 Fremont Street,NA,NA,0,
[149]_woz_s2_p1,sea,Main Experiment,High,2,2014-07-21,13:47:56:177,nav,1,short,high,confirm_correct,NA,8576 Fremont Street,NA,NA,0,
[149]_woz_s2_p1,sea,Main Experiment,High,2,2014-07-21,13:47:56:954,nav,2,short,high,next_task,NA,5342 Columbia Street,NA,NA,0,
[149]_woz_s2_p1,sea,Main Experiment,High,2,2014-07-21,13:48:14:395,nav,2,short,high,command_correct,NA,5342 Columbia Street,NA,NA,0,
[149]_woz_s2_p1,sea,Main Experiment,High,2,2014-07-21,13:48:24:955,nav,2,short,high,confirm_correct,NA,5342 Columbia Street,NA,NA,0,
[149]_woz_s2_p1,sea,Main Experiment,High,2,2014-07-21,13:48:25:457,nav,2,short,high,catch_sys_error,NA,5342 Columbia Street,NA,NA,0,
[149]_woz_s2_p1,sea,Main Experiment,High,2,2014-07-21,13:48:41:508,nav,2,short,high,command_correct,NA,5342 Columbia Street,NA,NA,0,
[149]_woz_s2_p1,sea,Main Experiment,High,2,2014-07-21,13:48:51:302,nav,2,short,high,confirm_correct,NA,5342 Columbia Street,NA,NA,0,
[149]_woz_s2_p1,sea,Main Experiment,High,2,2014-07-21,13:48:51:368,nav,3,short,low,next_task,NA,6630 Alaskan Way,NA,NA,0,
[149]_woz_s2_p1,sea,Main Experiment,High,2,2014-07-21,13:49:10:111,nav,3,short,low,command_correct,NA,6630 Alaskan Way,NA,NA,0,
[149]_woz_s2_p1,sea,Main Experiment,High,2,2014-07-21,13:49:20:330,nav,3,short,low,confirm_correct,NA,6630 Alaskan Way,NA,NA,0,
[149]_woz_s2_p1,sea,Main Experiment,High,2,2014-07-21,13:49:20:412,tdt,NA,NA,NA,next_task,NA,NA,NA,NA,0,
[149]_woz_s2_p1,sea,Main Experiment,High,2,2014-07-21,13:50:25:510,radio,4,short,high,next_task,College Station,NA,NA,NA,0,
[149]_woz_s2_p1,sea,Main Experiment,High,2,2014-07-21,13:50:34:711,radio,4,short,high,command_correct,College Station,NA,NA,NA,0,
[149]_woz_s2_p1,sea,Main Experiment,High,2,2014-07-21,13:50:44:216,radio,4,short,high,confirm_correct,College Station,NA,NA,NA,0,
[149]_woz_s2_p1,sea,Main Experiment,High,2,2014-07-21,13:50:44:719,radio,4,short,high,catch_sys_error,College Station,NA,NA,NA,0,
[149]_woz_s2_p1,sea,Main Experiment,High,2,2014-07-21,13:50:52:932,radio,4,short,high,command_correct,College Station,NA,NA,NA,0,
[149]_woz_s2_p1,sea,Main Experiment,High,2,2014-07-21,13:51:02:632,radio,4,short,high,confirm_correct,College Station,NA,NA,NA,0,
[149]_woz_s2_p1,sea,Main Experiment,High,2,2014-07-21,13:51:02:709,radio,5,short,high,next_task,Madison Station,NA,NA,NA,0,
[149]_woz_s2_p1,sea,Main Experiment,High,2,2014-07-21,13:51:13:669,radio,5,short,high,command_correct,Madison Station,NA,NA,NA,0,
[149]_woz_s2_p1,sea,Main Experiment,High,2,2014-07-21,13:51:23:184,radio,5,short,high,confirm_correct,Madison Station,NA,NA,NA,0,
[149]_woz_s2_p1,sea,Main Experiment,High,2,2014-07-21,13:51:23:686,radio,5,short,high,catch_sys_error,Madison Station,NA,NA,NA,0,
[149]_woz_s2_p1,sea,Main Experiment,High,2,2014-07-21,13:51:32:084,radio,5,short,high,command_correct,Madison Station,NA,NA,NA,0,
[149]_woz_s2_p1,sea,Main Experiment,High,2,2014-07-21,13:51:41:754,radio,5,short,high,confirm_correct,Madison Station,NA,NA,NA,0,
[149]_woz_s2_p1,sea,Main Experiment,High,2,2014-07-21,13:51:41:823,radio,6,short,high,next_task,NBC Radio,NA,NA,NA,0,
[149]_woz_s2_p1,sea,Main Experiment,High,2,2014-07-21,13:51:50:871,radio,6,short,high,command_correct,NBC Radio,NA,NA,NA,0,
[149]_woz_s2_p1,sea,Main Experiment,High,2,2014-07-21,13:52:01:004,radio,6,short,high,confirm_correct,NBC Radio,NA,NA,NA,0,
[149]_woz_s2_p1,sea,Main Experiment,High,2,2014-07-21,13:52:01:505,radio,6,short,high,catch_sys_error,NBC Radio,NA,NA,NA,0,
[149]_woz_s2_p1,sea,Main Experiment,High,2,2014-07-21,13:52:10:056,radio,6,short,high,command_correct,NBC Radio,NA,NA,NA,0,
[149]_woz_s2_p1,sea,Main Experiment,High,2,2014-07-21,13:52:19:760,radio,6,short,high,confirm_correct,NBC Radio,NA,NA,NA,0,
[149]_woz_s2_p1,sea,Main Experiment,High,2,2014-07-21,13:52:19:844,radio,7,short,high,next_task,Freedom Station,NA,NA,NA,0,
[149]_woz_s2_p1,sea,Main Experiment,High,2,2014-07-21,13:52:29:170,radio,7,short,high,command_correct,Freedom Station,NA,NA,NA,0,
[149]_woz_s2_p1,sea,Main Experiment,High,2,2014-07-21,13:52:38:687,radio,7,short,high,confirm_correct,Freedom Station,NA,NA,NA,0,
[149]_woz_s2_p1,sea,Main Experiment,High,2,2014-07-21,13:52:39:189,radio,7,short,high,catch_sys_error,Freedom Station,NA,NA,NA,0,
[149]_woz_s2_p1,sea,Main Experiment,High,2,2014-07-21,13:52:48:074,radio,7,short,high,command_correct,Freedom Station,NA,NA,NA,0,
[149]_woz_s2_p1,sea,Main Experiment,High,2,2014-07-21,13:52:56:959,radio,7,short,high,confirm_correct,Freedom Station,NA,NA,NA,0,
[149]_woz_s2_p1,sea,Main Experiment,High,2,2014-07-21,13:53:00:080,radio,8,short,low,next_task,Spanish Radio,NA,NA,NA,0,
[149]_woz_s2_p1,sea,Main Experiment,High,2,2014-07-21,13:53:08:927,radio,8,short,low,command_correct,Spanish Radio,NA,NA,NA,0,
[149]_woz_s2_p1,sea,Main Experiment,High,2,2014-07-21,13:53:18:683,radio,8,short,low,confirm_correct,Spanish Radio,NA,NA,NA,0,
[149]_woz_s2_p1,sea,Main Experiment,High,2,2014-07-21,13:53:18:751,radio,9,short,low,next_task,Health Station,NA,NA,NA,0,
[149]_woz_s2_p1,sea,Main Experiment,High,2,2014-07-21,13:53:27:774,radio,9,short,low,command_correct,Health Station,NA,NA,NA,0,
[149]_woz_s2_p1,sea,Main Experiment,High,2,2014-07-21,13:53:36:989,radio,9,short,low,confirm_correct,Health Station,NA,NA,NA,0,
[149]_woz_s2_p1,sea,Main Experiment,High,2,2014-07-21,13:53:37:076,tdt,NA,NA,NA,next_task,NA,NA,NA,NA,0,
[149]_woz_s2_p1,sea,Main Experiment,High,2,2014-07-21,13:54:42:265,calendar,10,short,high,next_task,NA,NA,Hailey Apple Store Sunday 1:00 PM,NA,0,
[149]_woz_s2_p1,sea,Main Experiment,High,2,2014-07-21,13:54:57:908,calendar,10,short,high,command_correct,NA,NA,Hailey Apple Store Sunday 1:00 PM,NA,0,
[149]_woz_s2_p1,sea,Main Experiment,High,2,2014-07-21,13:55:07:826,calendar,10,short,high,confirm_correct,NA,NA,Hailey Apple Store Sunday 1:00 PM,NA,0,
[149]_woz_s2_p1,sea,Main Experiment,High,2,2014-07-21,13:55:08:328,calendar,10,short,high,catch_sys_error,NA,NA,Hailey Apple Store Sunday 1:00 PM,NA,0,
[149]_woz_s2_p1,sea,Main Experiment,High,2,2014-07-21,13:55:23:186,calendar,10,short,high,command_correct,NA,NA,Hailey Apple Store Sunday 1:00 PM,NA,0,
[149]_woz_s2_p1,sea,Main Experiment,High,2,2014-07-21,13:55:32:607,calendar,10,short,high,confirm_correct,NA,NA,Hailey Apple Store Sunday 1:00 PM,NA,0,
[149]_woz_s2_p1,sea,Main Experiment,High,2,2014-07-21,13:55:32:799,calendar,11,short,high,next_task,NA,NA,Addison Safeway Saturday 10:00 AM,NA,0,
[149]_woz_s2_p1,sea,Main Experiment,High,2,2014-07-21,13:55:48:850,calendar,11,short,high,command_correct,NA,NA,Addison Safeway Saturday 10:00 AM,NA,0,
[149]_woz_s2_p1,sea,Main Experiment,High,2,2014-07-21,13:55:58:524,calendar,11,short,high,confirm_correct,NA,NA,Addison Safeway Saturday 10:00 AM,NA,0,
[149]_woz_s2_p1,sea,Main Experiment,High,2,2014-07-21,13:55:59:027,calendar,11,short,high,catch_sys_error,NA,NA,Addison Safeway Saturday 10:00 AM,NA,0,
[149]_woz_s2_p1,sea,Main Experiment,High,2,2014-07-21,13:56:14:821,calendar,11,short,high,command_correct,NA,NA,Addison Safeway Saturday 10:00 AM,NA,0,
[149]_woz_s2_p1,sea,Main Experiment,High,2,2014-07-21,13:56:24:631,calendar,11,short,high,confirm_correct,NA,NA,Addison Safeway Saturday 10:00 AM,NA,0,
[149]_woz_s2_p1,sea,Main Experiment,High,2,2014-07-21,13:56:24:688,calendar,12,short,low,next_task,NA,NA,William Costco Tuesday 5:00 PM,NA,0,
[149]_woz_s2_p1,sea,Main Experiment,High,2,2014-07-21,13:56:39:962,calendar,12,short,low,command_correct,NA,NA,William Costco Tuesday 5:00 PM,NA,0,
[149]_woz_s2_p1,sea,Main Experiment,High,2,2014-07-21,13:56:49:971,calendar,12,short,low,confirm_correct,NA,NA,William Costco Tuesday 5:00 PM,NA,0,
[149]_woz_s2_p1,sea,Main Experiment,High,2,2014-07-21,13:56:50:020,tdt,NA,NA,NA,next_task,NA,NA,NA,NA,0,
[149]_woz_s2_p1,sea,Main Experiment,High,2,2014-07-21,13:57:55:158,n-back,13,short,NA,next_task,NA,NA,NA,NA,0,
[149]_woz_s2_p1,sea,Main Experiment,High,2,2014-07-21,13:58:04:910,n-back,13,short,NA,nb_num,NA,NA,NA,{ 9},0,
[149]_woz_s2_p1,sea,Main Experiment,High,2,2014-07-21,13:58:07:909,n-back,13,short,NA,nb_num,NA,NA,NA,{ 9 3},0,
[149]_woz_s2_p1,sea,Main Experiment,High,2,2014-07-21,13:58:10:021,n-back,13,short,NA,nb_correct,NA,NA,NA,{ 9 3},1,
[149]_woz_s2_p1,sea,Main Experiment,High,2,2014-07-21,13:58:10:911,n-back,13,short,NA,nb_num,NA,NA,NA,{ 9 3 6},1,
[149]_woz_s2_p1,sea,Main Experiment,High,2,2014-07-21,13:58:13:044,n-back,13,short,NA,nb_correct,NA,NA,NA,{ 9 3 6},2,
[149]_woz_s2_p1,sea,Main Experiment,High,2,2014-07-21,13:58:13:911,n-back,13,short,NA,nb_num,NA,NA,NA,{ 9 3 6 3},2,
[149]_woz_s2_p1,sea,Main Experiment,High,2,2014-07-21,13:58:16:151,n-back,13,short,NA,nb_correct,NA,NA,NA,{ 9 3 6 3},3,
[149]_woz_s2_p1,sea,Main Experiment,High,2,2014-07-21,13:58:16:916,n-back,13,short,NA,nb_num,NA,NA,NA,{ 9 3 6 3 9},3,
[149]_woz_s2_p1,sea,Main Experiment,High,2,2014-07-21,13:58:19:038,n-back,13,short,NA,nb_correct,NA,NA,NA,{ 9 3 6 3 9},4,
[149]_woz_s2_p1,sea,Main Experiment,High,2,2014-07-21,13:58:19:916,n-back,13,short,NA,nb_num,NA,NA,NA,{ 9 3 6 3 9 3},4,
[149]_woz_s2_p1,sea,Main Experiment,High,2,2014-07-21,13:58:21:968,n-back,13,short,NA,nb_correct,NA,NA,NA,{ 9 3 6 3 9 3},5,
[149]_woz_s2_p1,sea,Main Experiment,High,2,2014-07-21,13:58:22:917,n-back,13,short,NA,nb_num,NA,NA,NA,{ 9 3 6 3 9 3 8},5,
[149]_woz_s2_p1,sea,Main Experiment,High,2,2014-07-21,13:58:25:919,n-back,13,short,NA,nb_num,NA,NA,NA,{ 9 3 6 3 9 3 8 7},5,
[149]_woz_s2_p1,sea,Main Experiment,High,2,2014-07-21,13:58:26:233,n-back,13,short,NA,nb_correct,NA,NA,NA,{ 9 3 6 3 9 3 8 7},6,
[149]_woz_s2_p1,sea,Main Experiment,High,2,2014-07-21,13:58:28:038,n-back,13,short,NA,nb_correct,NA,NA,NA,{ 9 3 6 3 9 3 8 7},7,
[149]_woz_s2_p1,sea,Main Experiment,High,2,2014-07-21,13:58:28:920,n-back,13,short,NA,nb_num,NA,NA,NA,{ 9 3 6 3 9 3 8 7 1},7,
[149]_woz_s2_p1,sea,Main Experiment,High,2,2014-07-21,13:58:31:921,n-back,13,short,NA,nb_num,NA,NA,NA,{ 9 3 6 3 9 3 8 7 1 6},7,
[149]_woz_s2_p1,sea,Main Experiment,High,2,2014-07-21,13:58:34:005,n-back,13,short,NA,nb_correct,NA,NA,NA,{ 9 3 6 3 9 3 8 7 1 6},8,
[149]_woz_s2_p1,sea,Main Experiment,High,2,2014-07-21,13:58:34:921,n-back,13,short,NA,nb_num,NA,NA,NA,{ 9 3 6 3 9 3 8 7 1 6 3},8,
[149]_woz_s2_p1,sea,Main Experiment,High,2,2014-07-21,13:58:36:768,n-back,13,short,NA,nb_correct,NA,NA,NA,{ 9 3 6 3 9 3 8 7 1 6 3},9,
[149]_woz_s2_p1,sea,Main Experiment,High,2,2014-07-21,13:58:37:921,n-back,13,short,NA,nb_num,NA,NA,NA,{ 9 3 6 3 9 3 8 7 1 6 3 4},9,
[149]_woz_s2_p1,sea,Main Experiment,High,2,2014-07-21,13:58:39:752,n-back,13,short,NA,nb_correct,NA,NA,NA,{ 9 3 6 3 9 3 8 7 1 6 3 4},10,
[149]_woz_s2_p1,sea,Main Experiment,High,2,2014-07-21,13:58:40:921,n-back,13,short,NA,nb_num,NA,NA,NA,{ 9 3 6 3 9 3 8 7 1 6 3 4 8},10,
[149]_woz_s2_p1,sea,Main Experiment,High,2,2014-07-21,13:58:42:961,n-back,13,short,NA,nb_correct,NA,NA,NA,{ 9 3 6 3 9 3 8 7 1 6 3 4 8},11,
[149]_woz_s2_p1,sea,Main Experiment,High,2,2014-07-21,13:58:43:921,n-back,13,short,NA,nb_num,NA,NA,NA,{ 9 3 6 3 9 3 8 7 1 6 3 4 8 9},11,
[149]_woz_s2_p1,sea,Main Experiment,High,2,2014-07-21,13:58:45:720,n-back,13,short,NA,nb_correct,NA,NA,NA,{ 9 3 6 3 9 3 8 7 1 6 3 4 8 9},12,
[149]_woz_s2_p1,sea,Main Experiment,High,2,2014-07-21,13:58:46:921,n-back,13,short,NA,nb_num,NA,NA,NA,{ 9 3 6 3 9 3 8 7 1 6 3 4 8 9 5},12,
[149]_woz_s2_p1,sea,Main Experiment,High,2,2014-07-21,13:58:49:352,n-back,13,short,NA,nb_correct,NA,NA,NA,{ 9 3 6 3 9 3 8 7 1 6 3 4 8 9 5},13,
[149]_woz_s2_p1,sea,Main Experiment,High,2,2014-07-21,13:58:49:921,n-back,13,short,NA,nb_num,NA,NA,NA,{ 9 3 6 3 9 3 8 7 1 6 3 4 8 9 5 3},13,
[149]_woz_s2_p1,sea,Main Experiment,High,2,2014-07-21,13:58:52:250,n-back,13,short,NA,nb_correct,NA,NA,NA,{ 9 3 6 3 9 3 8 7 1 6 3 4 8 9 5 3},14,
[149]_woz_s2_p1,sea,Main Experiment,High,2,2014-07-21,13:58:52:923,n-back,13,short,NA,nb_num,NA,NA,NA,{ 9 3 6 3 9 3 8 7 1 6 3 4 8 9 5 3 9},14,
[149]_woz_s2_p1,sea,Main Experiment,High,2,2014-07-21,13:58:54:803,n-back,13,short,NA,nb_correct,NA,NA,NA,{ 9 3 6 3 9 3 8 7 1 6 3 4 8 9 5 3 9},15,
[149]_woz_s2_p1,sea,Main Experiment,High,2,2014-07-21,13:58:55:923,n-back,13,short,NA,nb_num,NA,NA,NA,{ 9 3 6 3 9 3 8 7 1 6 3 4 8 9 5 3 9 7},15,
[149]_woz_s2_p1,sea,Main Experiment,High,2,2014-07-21,13:58:57:502,n-back,13,short,NA,nb_correct,NA,NA,NA,{ 9 3 6 3 9 3 8 7 1 6 3 4 8 9 5 3 9 7},16,
[149]_woz_s2_p1,sea,Main Experiment,High,2,2014-07-21,13:58:58:923,n-back,13,short,NA,nb_num,NA,NA,NA,{ 9 3 6 3 9 3 8 7 1 6 3 4 8 9 5 3 9 7 9},16,
[149]_woz_s2_p1,sea,Main Experiment,High,2,2014-07-21,13:59:00:975,n-back,13,short,NA,nb_correct,NA,NA,NA,{ 9 3 6 3 9 3 8 7 1 6 3 4 8 9 5 3 9 7 9},17,
[149]_woz_s2_p1,sea,Main Experiment,High,2,2014-07-21,13:59:01:925,n-back,13,short,NA,nb_num,NA,NA,NA,{ 9 3 6 3 9 3 8 7 1 6 3 4 8 9 5 3 9 7 9 1},17,
[149]_woz_s2_p1,sea,Main Experiment,High,2,2014-07-21,13:59:04:167,n-back,13,short,NA,nb_correct,NA,NA,NA,{ 9 3 6 3 9 3 8 7 1 6 3 4 8 9 5 3 9 7 9 1},18,
[149]_woz_s2_p1,sea,Main Experiment,High,2,2014-07-21,13:59:04:926,n-back,13,short,NA,nb_num,NA,NA,NA,{ 9 3 6 3 9 3 8 7 1 6 3 4 8 9 5 3 9 7 9 1 4},18,
[149]_woz_s2_p1,sea,Main Experiment,High,2,2014-07-21,13:59:06:793,n-back,13,short,NA,nb_correct,NA,NA,NA,{ 9 3 6 3 9 3 8 7 1 6 3 4 8 9 5 3 9 7 9 1 4},19,
[149]_woz_s2_p1,sea,Main Experiment,High,2,2014-07-21,13:59:09:306,nav,14,long,high,next_task,NA,9573 Washington Ave,NA,NA,0,
[149]_woz_s2_p1,sea,Main Experiment,High,2,2014-07-21,13:59:28:273,nav,14,long,high,command_incorrect,NA,9573 Washington Ave,NA,NA,0,
[149]_woz_s2_p1,sea,Main Experiment,High,2,2014-07-21,13:59:45:198,nav,14,long,high,command_correct,NA,9573 Washington Ave,NA,NA,0,
[149]_woz_s2_p1,sea,Main Experiment,High,2,2014-07-21,14:00:02:889,nav,14,long,high,confirm_correct,NA,9573 Washington Ave,NA,NA,0,
[149]_woz_s2_p1,sea,Main Experiment,High,2,2014-07-21,14:00:03:392,nav,14,long,high,catch_sys_error,NA,9573 Washington Ave,NA,NA,0,
[149]_woz_s2_p1,sea,Main Experiment,High,2,2014-07-21,14:00:20:772,nav,14,long,high,command_correct,NA,9573 Washington Ave,NA,NA,0,
[149]_woz_s2_p1,sea,Main Experiment,High,2,2014-07-21,14:00:40:129,nav,14,long,high,confirm_correct,NA,9573 Washington Ave,NA,NA,0,
[149]_woz_s2_p1,sea,Main Experiment,High,2,2014-07-21,14:00:40:185,nav,15,long,high,next_task,NA,1423 Union Street,NA,NA,0,
[149]_woz_s2_p1,sea,Main Experiment,High,2,2014-07-21,14:00:56:505,nav,15,long,high,command_correct,NA,1423 Union Street,NA,NA,0,
[149]_woz_s2_p1,sea,Main Experiment,High,2,2014-07-21,14:01:14:656,nav,15,long,high,confirm_correct,NA,1423 Union Street,NA,NA,0,
[149]_woz_s2_p1,sea,Main Experiment,High,2,2014-07-21,14:01:15:156,nav,15,long,high,catch_sys_error,NA,1423 Union Street,NA,NA,0,
[149]_woz_s2_p1,sea,Main Experiment,High,2,2014-07-21,14:01:31:581,nav,15,long,high,command_correct,NA,1423 Union Street,NA,NA,0,
[149]_woz_s2_p1,sea,Main Experiment,High,2,2014-07-21,14:01:49:466,nav,15,long,high,confirm_correct,NA,1423 Union Street,NA,NA,0,
[149]_woz_s2_p1,sea,Main Experiment,High,2,2014-07-21,14:01:49:532,nav,16,long,low,next_task,NA,1508 Martin Street,NA,NA,0,
[149]_woz_s2_p1,sea,Main Experiment,High,2,2014-07-21,14:02:06:685,nav,16,long,low,command_incorrect,NA,1508 Martin Street,NA,NA,0,
[149]_woz_s2_p1,sea,Main Experiment,High,2,2014-07-21,14:02:23:316,nav,16,long,low,command_correct,NA,1508 Martin Street,NA,NA,0,
[149]_woz_s2_p1,sea,Main Experiment,High,2,2014-07-21,14:02:41:409,nav,16,long,low,confirm_correct,NA,1508 Martin Street,NA,NA,0,
[149]_woz_s2_p1,sea,Main Experiment,High,2,2014-07-21,14:02:41:513,tdt,NA,NA,NA,next_task,NA,NA,NA,NA,0,
[149]_woz_s2_p1,sea,Main Experiment,High,2,2014-07-21,14:03:46:622,radio,17,long,high,next_task,American Radio,NA,NA,NA,0,
[149]_woz_s2_p1,sea,Main Experiment,High,2,2014-07-21,14:03:56:779,radio,17,long,high,command_correct,American Radio,NA,NA,NA,0,
[149]_woz_s2_p1,sea,Main Experiment,High,2,2014-07-21,14:04:13:920,radio,17,long,high,confirm_correct,American Radio,NA,NA,NA,0,
[149]_woz_s2_p1,sea,Main Experiment,High,2,2014-07-21,14:04:14:423,radio,17,long,high,catch_sys_error,American Radio,NA,NA,NA,0,
[149]_woz_s2_p1,sea,Main Experiment,High,2,2014-07-21,14:04:22:092,radio,17,long,high,command_correct,American Radio,NA,NA,NA,0,
[149]_woz_s2_p1,sea,Main Experiment,High,2,2014-07-21,14:04:39:342,radio,17,long,high,confirm_correct,American Radio,NA,NA,NA,0,
[149]_woz_s2_p1,sea,Main Experiment,High,2,2014-07-21,14:04:39:413,radio,18,long,high,next_task,Community Rock,NA,NA,NA,0,
[149]_woz_s2_p1,sea,Main Experiment,High,2,2014-07-21,14:04:47:395,radio,18,long,high,command_correct,Community Rock,NA,NA,NA,0,
[149]_woz_s2_p1,sea,Main Experiment,High,2,2014-07-21,14:05:05:789,radio,18,long,high,confirm_correct,Community Rock,NA,NA,NA,0,
[149]_woz_s2_p1,sea,Main Experiment,High,2,2014-07-21,14:05:06:291,radio,18,long,high,catch_sys_error,Community Rock,NA,NA,NA,0,
[149]_woz_s2_p1,sea,Main Experiment,High,2,2014-07-21,14:05:14:623,radio,18,long,high,command_correct,Community Rock,NA,NA,NA,0,
[149]_woz_s2_p1,sea,Main Experiment,High,2,2014-07-21,14:05:31:516,radio,18,long,high,confirm_correct,Community Rock,NA,NA,NA,0,
[149]_woz_s2_p1,sea,Main Experiment,High,2,2014-07-21,14:05:31:620,radio,19,long,high,next_task,Family Station,NA,NA,NA,0,
[149]_woz_s2_p1,sea,Main Experiment,High,2,2014-07-21,14:05:40:147,radio,19,long,high,command_correct,Family Station,NA,NA,NA,0,
[149]_woz_s2_p1,sea,Main Experiment,High,2,2014-07-21,14:05:57:653,radio,19,long,high,confirm_correct,Family Station,NA,NA,NA,0,
[149]_woz_s2_p1,sea,Main Experiment,High,2,2014-07-21,14:05:58:155,radio,19,long,high,catch_sys_error,Family Station,NA,NA,NA,0,
[149]_woz_s2_p1,sea,Main Experiment,High,2,2014-07-21,14:06:06:468,radio,19,long,high,command_correct,Family Station,NA,NA,NA,0,
[149]_woz_s2_p1,sea,Main Experiment,High,2,2014-07-21,14:06:23:813,radio,19,long,high,confirm_correct,Family Station,NA,NA,NA,0,
[149]_woz_s2_p1,sea,Main Experiment,High,2,2014-07-21,14:06:23:870,radio,20,long,high,next_task,Midwest Communications,NA,NA,NA,0,
[149]_woz_s2_p1,sea,Main Experiment,High,2,2014-07-21,14:06:32:292,radio,20,long,high,command_correct,Midwest Communications,NA,NA,NA,0,
[149]_woz_s2_p1,sea,Main Experiment,High,2,2014-07-21,14:06:49:494,radio,20,long,high,confirm_correct,Midwest Communications,NA,NA,NA,0,
[149]_woz_s2_p1,sea,Main Experiment,High,2,2014-07-21,14:06:49:996,radio,20,long,high,catch_sys_error,Midwest Communications,NA,NA,NA,0,
[149]_woz_s2_p1,sea,Main Experiment,High,2,2014-07-21,14:06:58:618,radio,20,long,high,command_correct,Midwest Communications,NA,NA,NA,0,
[149]_woz_s2_p1,sea,Main Experiment,High,2,2014-07-21,14:07:15:919,radio,20,long,high,confirm_correct,Midwest Communications,NA,NA,NA,0,
[149]_woz_s2_p1,sea,Main Experiment,High,2,2014-07-21,14:07:16:017,radio,21,long,low,next_task,Christian Rock,NA,NA,NA,0,
[149]_woz_s2_p1,sea,Main Experiment,High,2,2014-07-21,14:07:24:325,radio,21,long,low,command_correct,Christian Rock,NA,NA,NA,0,
[149]_woz_s2_p1,sea,Main Experiment,High,2,2014-07-21,14:07:40:700,radio,21,long,low,confirm_correct,Christian Rock,NA,NA,NA,0,
[149]_woz_s2_p1,sea,Main Experiment,High,2,2014-07-21,14:07:40:751,radio,22,long,low,next_task,Universal Station,NA,NA,NA,0,
[149]_woz_s2_p1,sea,Main Experiment,High,2,2014-07-21,14:07:48:986,radio,22,long,low,command_correct,Universal Station,NA,NA,NA,0,
[149]_woz_s2_p1,sea,Main Experiment,High,2,2014-07-21,14:08:05:983,radio,22,long,low,confirm_correct,Universal Station,NA,NA,NA,0,
[149]_woz_s2_p1,sea,Main Experiment,High,2,2014-07-21,14:08:06:149,tdt,NA,NA,NA,next_task,NA,NA,NA,NA,0,
[149]_woz_s2_p1,sea,Main Experiment,High,2,2014-07-21,14:09:11:265,calendar,23,long,high,next_task,NA,NA,John Dollar Tree Friday 4:00 PM,NA,0,
[149]_woz_s2_p1,sea,Main Experiment,High,2,2014-07-21,14:09:24:618,calendar,23,long,high,command_correct,NA,NA,John Dollar Tree Friday 4:00 PM,NA,0,
[149]_woz_s2_p1,sea,Main Experiment,High,2,2014-07-21,14:09:43:152,calendar,23,long,high,confirm_correct,NA,NA,John Dollar Tree Friday 4:00 PM,NA,0,
[149]_woz_s2_p1,sea,Main Experiment,High,2,2014-07-21,14:09:43:654,calendar,23,long,high,catch_sys_error,NA,NA,John Dollar Tree Friday 4:00 PM,NA,0,
[149]_woz_s2_p1,sea,Main Experiment,High,2,2014-07-21,14:09:58:989,calendar,23,long,high,command_correct,NA,NA,John Dollar Tree Friday 4:00 PM,NA,0,
[149]_woz_s2_p1,sea,Main Experiment,High,2,2014-07-21,14:10:16:424,calendar,23,long,high,confirm_correct,NA,NA,John Dollar Tree Friday 4:00 PM,NA,0,
[149]_woz_s2_p1,sea,Main Experiment,High,2,2014-07-21,14:10:16:512,calendar,24,long,high,next_task,NA,NA,Joshua Barber Shop Friday 11:00 AM,NA,0,
[149]_woz_s2_p1,sea,Main Experiment,High,2,2014-07-21,14:10:32:245,calendar,24,long,high,command_correct,NA,NA,Joshua Barber Shop Friday 11:00 AM,NA,0,
[149]_woz_s2_p1,sea,Main Experiment,High,2,2014-07-21,14:10:49:786,calendar,24,long,high,confirm_correct,NA,NA,Joshua Barber Shop Friday 11:00 AM,NA,0,
[149]_woz_s2_p1,sea,Main Experiment,High,2,2014-07-21,14:10:50:287,calendar,24,long,high,catch_sys_error,NA,NA,Joshua Barber Shop Friday 11:00 AM,NA,0,
[149]_woz_s2_p1,sea,Main Experiment,High,2,2014-07-21,14:11:05:516,calendar,24,long,high,command_correct,NA,NA,Joshua Barber Shop Friday 11:00 AM,NA,0,
[149]_woz_s2_p1,sea,Main Experiment,High,2,2014-07-21,14:11:23:950,calendar,24,long,high,confirm_correct,NA,NA,Joshua Barber Shop Friday 11:00 AM,NA,0,
[149]_woz_s2_p1,sea,Main Experiment,High,2,2014-07-21,14:11:23:998,calendar,25,long,low,next_task,NA,NA,Joey Staples Monday 5:00 PM,NA,0,
[149]_woz_s2_p1,sea,Main Experiment,High,2,2014-07-21,14:11:39:078,calendar,25,long,low,command_correct,NA,NA,Joey Staples Monday 5:00 PM,NA,0,
[149]_woz_s2_p1,sea,Main Experiment,High,2,2014-07-21,14:11:55:840,calendar,25,long,low,confirm_correct,NA,NA,Joey Staples Monday 5:00 PM,NA,0,
[149]_woz_s2_p1,sea,Main Experiment,High,2,2014-07-21,14:11:55:917,tdt,NA,NA,NA,next_task,NA,NA,NA,NA,0,
[149]_woz_s2_p1,sea,Main Experiment,High,2,2014-07-21,14:13:01:090,end,26,long,NA,next_task,NA,NA,NA,NA,0,
