PID[134]_tdt_s2_p1_[27-06-2014],sea,Main Experiment,High,2,2014-06-27,09:52:28:623,calendar,1,long,high,start,NA,NA,Peter 7-Eleven Monday 7:00 AM,NA,0,
PID[134]_tdt_s2_p1_[27-06-2014],sea,Main Experiment,High,2,2014-06-27,09:52:29:681,calendar,1,long,high,next_task,NA,NA,Peter 7-Eleven Monday 7:00 AM,NA,0,
PID[134]_tdt_s2_p1_[27-06-2014],sea,Main Experiment,High,2,2014-06-27,09:52:42:477,calendar,1,long,high,command_correct,NA,NA,Peter 7-Eleven Monday 7:00 AM,NA,0,
PID[134]_tdt_s2_p1_[27-06-2014],sea,Main Experiment,High,2,2014-06-27,09:52:59:402,calendar,1,long,high,confirm_incorrect,NA,NA,Peter 7-Eleven Monday 7:00 AM,NA,0,
PID[134]_tdt_s2_p1_[27-06-2014],sea,Main Experiment,High,2,2014-06-27,09:52:59:464,calendar,2,long,high,next_task,NA,NA,Joey Staples Monday 5:00 PM,NA,0,
PID[134]_tdt_s2_p1_[27-06-2014],sea,Main Experiment,High,2,2014-06-27,09:53:13:170,calendar,2,long,high,command_incorrect,NA,NA,Joey Staples Monday 5:00 PM,NA,0,
PID[134]_tdt_s2_p1_[27-06-2014],sea,Main Experiment,High,2,2014-06-27,09:53:26:650,calendar,2,long,high,command_incorrect,NA,NA,Joey Staples Monday 5:00 PM,NA,0,
PID[134]_tdt_s2_p1_[27-06-2014],sea,Main Experiment,High,2,2014-06-27,09:53:39:310,calendar,2,long,high,command_incorrect,NA,NA,Joey Staples Monday 5:00 PM,NA,0,
PID[134]_tdt_s2_p1_[27-06-2014],sea,Main Experiment,High,2,2014-06-27,09:53:39:363,calendar,3,long,low,next_task,NA,NA,John Dollar Tree Friday 4:00 PM,NA,0,
PID[134]_tdt_s2_p1_[27-06-2014],sea,Main Experiment,High,2,2014-06-27,09:53:39:813,calendar,3,long,low,fail_command_repeat,NA,NA,John Dollar Tree Friday 4:00 PM,NA,0,
PID[134]_tdt_s2_p1_[27-06-2014],sea,Main Experiment,High,2,2014-06-27,09:53:52:156,calendar,3,long,low,command_incorrect,NA,NA,John Dollar Tree Friday 4:00 PM,NA,0,
PID[134]_tdt_s2_p1_[27-06-2014],sea,Main Experiment,High,2,2014-06-27,09:54:06:744,calendar,3,long,low,command_incorrect,NA,NA,John Dollar Tree Friday 4:00 PM,NA,0,
PID[134]_tdt_s2_p1_[27-06-2014],sea,Main Experiment,High,2,2014-06-27,09:54:20:608,calendar,3,long,low,command_correct,NA,NA,John Dollar Tree Friday 4:00 PM,NA,0,
PID[134]_tdt_s2_p1_[27-06-2014],sea,Main Experiment,High,2,2014-06-27,09:54:37:797,calendar,3,long,low,confirm_correct,NA,NA,John Dollar Tree Friday 4:00 PM,NA,0,
PID[134]_tdt_s2_p1_[27-06-2014],sea,Main Experiment,High,2,2014-06-27,09:54:37:843,tdt,NA,NA,NA,next_task,NA,NA,NA,NA,0,
PID[134]_tdt_s2_p1_[27-06-2014],sea,Main Experiment,High,2,2014-06-27,09:55:42:950,nav,4,long,high,next_task,NA,3972 Western Ave,NA,NA,0,
PID[134]_tdt_s2_p1_[27-06-2014],sea,Main Experiment,High,2,2014-06-27,09:55:58:123,nav,4,long,high,command_incorrect,NA,3972 Western Ave,NA,NA,0,
PID[134]_tdt_s2_p1_[27-06-2014],sea,Main Experiment,High,2,2014-06-27,09:56:14:533,nav,4,long,high,command_correct,NA,3972 Western Ave,NA,NA,0,
PID[134]_tdt_s2_p1_[27-06-2014],sea,Main Experiment,High,2,2014-06-27,09:56:32:281,nav,4,long,high,confirm_correct,NA,3972 Western Ave,NA,NA,0,
PID[134]_tdt_s2_p1_[27-06-2014],sea,Main Experiment,High,2,2014-06-27,09:56:32:784,nav,4,long,high,catch_sys_error,NA,3972 Western Ave,NA,NA,0,
PID[134]_tdt_s2_p1_[27-06-2014],sea,Main Experiment,High,2,2014-06-27,09:56:48:543,nav,4,long,high,command_correct,NA,3972 Western Ave,NA,NA,0,
PID[134]_tdt_s2_p1_[27-06-2014],sea,Main Experiment,High,2,2014-06-27,09:57:05:185,nav,4,long,high,confirm_correct,NA,3972 Western Ave,NA,NA,0,
PID[134]_tdt_s2_p1_[27-06-2014],sea,Main Experiment,High,2,2014-06-27,09:57:05:238,nav,5,long,high,next_task,NA,5495 Park Street,NA,NA,0,
PID[134]_tdt_s2_p1_[27-06-2014],sea,Main Experiment,High,2,2014-06-27,09:57:20:979,nav,5,long,high,command_correct,NA,5495 Park Street,NA,NA,0,
PID[134]_tdt_s2_p1_[27-06-2014],sea,Main Experiment,High,2,2014-06-27,09:57:39:778,nav,5,long,high,confirm_correct,NA,5495 Park Street,NA,NA,0,
PID[134]_tdt_s2_p1_[27-06-2014],sea,Main Experiment,High,2,2014-06-27,09:57:40:281,nav,5,long,high,catch_sys_error,NA,5495 Park Street,NA,NA,0,
PID[134]_tdt_s2_p1_[27-06-2014],sea,Main Experiment,High,2,2014-06-27,09:57:55:602,nav,5,long,high,command_correct,NA,5495 Park Street,NA,NA,0,
PID[134]_tdt_s2_p1_[27-06-2014],sea,Main Experiment,High,2,2014-06-27,09:58:12:228,nav,5,long,high,confirm_correct,NA,5495 Park Street,NA,NA,0,
PID[134]_tdt_s2_p1_[27-06-2014],sea,Main Experiment,High,2,2014-06-27,09:58:12:285,nav,6,long,low,next_task,NA,8324 Greenway Blvd,NA,NA,0,
PID[134]_tdt_s2_p1_[27-06-2014],sea,Main Experiment,High,2,2014-06-27,09:58:30:438,nav,6,long,low,command_incorrect,NA,8324 Greenway Blvd,NA,NA,0,
PID[134]_tdt_s2_p1_[27-06-2014],sea,Main Experiment,High,2,2014-06-27,09:58:47:377,nav,6,long,low,command_incorrect,NA,8324 Greenway Blvd,NA,NA,0,
PID[134]_tdt_s2_p1_[27-06-2014],sea,Main Experiment,High,2,2014-06-27,09:59:07:835,nav,6,long,low,command_correct,NA,8324 Greenway Blvd,NA,NA,0,
PID[134]_tdt_s2_p1_[27-06-2014],sea,Main Experiment,High,2,2014-06-27,09:59:24:796,nav,6,long,low,confirm_correct,NA,8324 Greenway Blvd,NA,NA,0,
PID[134]_tdt_s2_p1_[27-06-2014],sea,Main Experiment,High,2,2014-06-27,09:59:24:893,tdt,NA,NA,NA,next_task,NA,NA,NA,NA,0,
PID[134]_tdt_s2_p1_[27-06-2014],sea,Main Experiment,High,2,2014-06-27,10:00:29:976,radio,7,long,high,next_task,Fox News,NA,NA,NA,0,
PID[134]_tdt_s2_p1_[27-06-2014],sea,Main Experiment,High,2,2014-06-27,10:00:36:513,radio,7,long,high,command_correct,Fox News,NA,NA,NA,0,
PID[134]_tdt_s2_p1_[27-06-2014],sea,Main Experiment,High,2,2014-06-27,10:00:52:546,radio,7,long,high,confirm_correct,Fox News,NA,NA,NA,0,
PID[134]_tdt_s2_p1_[27-06-2014],sea,Main Experiment,High,2,2014-06-27,10:00:53:048,radio,7,long,high,catch_sys_error,Fox News,NA,NA,NA,0,
PID[134]_tdt_s2_p1_[27-06-2014],sea,Main Experiment,High,2,2014-06-27,10:00:59:791,radio,7,long,high,command_correct,Fox News,NA,NA,NA,0,
PID[134]_tdt_s2_p1_[27-06-2014],sea,Main Experiment,High,2,2014-06-27,10:01:16:058,radio,7,long,high,confirm_correct,Fox News,NA,NA,NA,0,
PID[134]_tdt_s2_p1_[27-06-2014],sea,Main Experiment,High,2,2014-06-27,10:01:16:106,radio,8,long,high,next_task,Health Station,NA,NA,NA,0,
PID[134]_tdt_s2_p1_[27-06-2014],sea,Main Experiment,High,2,2014-06-27,10:01:23:021,radio,8,long,high,command_correct,Health Station,NA,NA,NA,0,
PID[134]_tdt_s2_p1_[27-06-2014],sea,Main Experiment,High,2,2014-06-27,10:01:38:474,radio,8,long,high,confirm_correct,Health Station,NA,NA,NA,0,
PID[134]_tdt_s2_p1_[27-06-2014],sea,Main Experiment,High,2,2014-06-27,10:01:38:976,radio,8,long,high,catch_sys_error,Health Station,NA,NA,NA,0,
PID[134]_tdt_s2_p1_[27-06-2014],sea,Main Experiment,High,2,2014-06-27,10:01:47:129,radio,8,long,high,command_correct,Health Station,NA,NA,NA,0,
PID[134]_tdt_s2_p1_[27-06-2014],sea,Main Experiment,High,2,2014-06-27,10:02:02:131,radio,9,long,high,next_task,Mexican Hits,NA,NA,NA,0,
PID[134]_tdt_s2_p1_[27-06-2014],sea,Main Experiment,High,2,2014-06-27,10:02:02:094,radio,8,long,high,confirm_correct,Health Station,NA,NA,NA,0,
PID[134]_tdt_s2_p1_[27-06-2014],sea,Main Experiment,High,2,2014-06-27,10:02:09:757,radio,9,long,high,command_incorrect,Mexican Hits,NA,NA,NA,0,
PID[134]_tdt_s2_p1_[27-06-2014],sea,Main Experiment,High,2,2014-06-27,10:02:17:478,radio,9,long,high,command_incorrect,Mexican Hits,NA,NA,NA,0,
PID[134]_tdt_s2_p1_[27-06-2014],sea,Main Experiment,High,2,2014-06-27,10:02:25:676,radio,9,long,high,command_incorrect,Mexican Hits,NA,NA,NA,0,
PID[134]_tdt_s2_p1_[27-06-2014],sea,Main Experiment,High,2,2014-06-27,10:02:25:746,radio,10,long,high,next_task,NBC Radio,NA,NA,NA,0,
PID[134]_tdt_s2_p1_[27-06-2014],sea,Main Experiment,High,2,2014-06-27,10:02:26:178,radio,10,long,high,fail_command_repeat,NBC Radio,NA,NA,NA,0,
PID[134]_tdt_s2_p1_[27-06-2014],sea,Main Experiment,High,2,2014-06-27,10:02:32:464,radio,10,long,high,command_correct,NBC Radio,NA,NA,NA,0,
PID[134]_tdt_s2_p1_[27-06-2014],sea,Main Experiment,High,2,2014-06-27,10:02:48:558,radio,10,long,high,confirm_correct,NBC Radio,NA,NA,NA,0,
PID[134]_tdt_s2_p1_[27-06-2014],sea,Main Experiment,High,2,2014-06-27,10:02:49:060,radio,10,long,high,catch_sys_error,NBC Radio,NA,NA,NA,0,
PID[134]_tdt_s2_p1_[27-06-2014],sea,Main Experiment,High,2,2014-06-27,10:02:55:645,radio,10,long,high,command_correct,NBC Radio,NA,NA,NA,0,
PID[134]_tdt_s2_p1_[27-06-2014],sea,Main Experiment,High,2,2014-06-27,10:03:11:852,radio,10,long,high,confirm_correct,NBC Radio,NA,NA,NA,0,
PID[134]_tdt_s2_p1_[27-06-2014],sea,Main Experiment,High,2,2014-06-27,10:03:11:939,radio,11,long,low,next_task,Pacific Station,NA,NA,NA,0,
PID[134]_tdt_s2_p1_[27-06-2014],sea,Main Experiment,High,2,2014-06-27,10:03:19:119,radio,11,long,low,command_correct,Pacific Station,NA,NA,NA,0,
PID[134]_tdt_s2_p1_[27-06-2014],sea,Main Experiment,High,2,2014-06-27,10:03:35:782,radio,11,long,low,confirm_correct,Pacific Station,NA,NA,NA,0,
PID[134]_tdt_s2_p1_[27-06-2014],sea,Main Experiment,High,2,2014-06-27,10:03:35:832,radio,12,long,low,next_task,Community Rock,NA,NA,NA,0,
PID[134]_tdt_s2_p1_[27-06-2014],sea,Main Experiment,High,2,2014-06-27,10:03:45:922,radio,12,long,low,command_correct,Community Rock,NA,NA,NA,0,
PID[134]_tdt_s2_p1_[27-06-2014],sea,Main Experiment,High,2,2014-06-27,10:04:03:324,radio,12,long,low,confirm_correct,Community Rock,NA,NA,NA,0,
PID[134]_tdt_s2_p1_[27-06-2014],sea,Main Experiment,High,2,2014-06-27,10:04:03:428,tdt,NA,NA,NA,next_task,NA,NA,NA,NA,0,
PID[134]_tdt_s2_p1_[27-06-2014],sea,Main Experiment,High,2,2014-06-27,10:05:08:550,n-back,13,long,NA,next_task,NA,NA,NA,NA,0,
PID[134]_tdt_s2_p1_[27-06-2014],sea,Main Experiment,High,2,2014-06-27,10:05:18:518,n-back,13,long,NA,nb_num,NA,NA,NA,{ 3},0,
PID[134]_tdt_s2_p1_[27-06-2014],sea,Main Experiment,High,2,2014-06-27,10:05:21:517,n-back,13,long,NA,nb_num,NA,NA,NA,{ 3 2},0,
PID[134]_tdt_s2_p1_[27-06-2014],sea,Main Experiment,High,2,2014-06-27,10:05:23:127,n-back,13,long,NA,nb_correct,NA,NA,NA,{ 3 2},1,
PID[134]_tdt_s2_p1_[27-06-2014],sea,Main Experiment,High,2,2014-06-27,10:05:24:518,n-back,13,long,NA,nb_num,NA,NA,NA,{ 3 2 1},1,
PID[134]_tdt_s2_p1_[27-06-2014],sea,Main Experiment,High,2,2014-06-27,10:05:26:665,n-back,13,long,NA,nb_correct,NA,NA,NA,{ 3 2 1},2,
PID[134]_tdt_s2_p1_[27-06-2014],sea,Main Experiment,High,2,2014-06-27,10:05:27:524,n-back,13,long,NA,nb_num,NA,NA,NA,{ 3 2 1 2},2,
PID[134]_tdt_s2_p1_[27-06-2014],sea,Main Experiment,High,2,2014-06-27,10:05:29:527,n-back,13,long,NA,nb_correct,NA,NA,NA,{ 3 2 1 2},3,
PID[134]_tdt_s2_p1_[27-06-2014],sea,Main Experiment,High,2,2014-06-27,10:05:30:531,n-back,13,long,NA,nb_num,NA,NA,NA,{ 3 2 1 2 8},3,
PID[134]_tdt_s2_p1_[27-06-2014],sea,Main Experiment,High,2,2014-06-27,10:05:33:531,n-back,13,long,NA,nb_num,NA,NA,NA,{ 3 2 1 2 8 0},3,
PID[134]_tdt_s2_p1_[27-06-2014],sea,Main Experiment,High,2,2014-06-27,10:05:34:065,n-back,13,long,NA,nb_correct,NA,NA,NA,{ 3 2 1 2 8 0},4,
PID[134]_tdt_s2_p1_[27-06-2014],sea,Main Experiment,High,2,2014-06-27,10:05:36:532,n-back,13,long,NA,nb_num,NA,NA,NA,{ 3 2 1 2 8 0 9},4,
PID[134]_tdt_s2_p1_[27-06-2014],sea,Main Experiment,High,2,2014-06-27,10:05:39:481,n-back,13,long,NA,nb_correct,NA,NA,NA,{ 3 2 1 2 8 0 9},5,
PID[134]_tdt_s2_p1_[27-06-2014],sea,Main Experiment,High,2,2014-06-27,10:05:39:539,n-back,13,long,NA,nb_num,NA,NA,NA,{ 3 2 1 2 8 0 9 4},5,
PID[134]_tdt_s2_p1_[27-06-2014],sea,Main Experiment,High,2,2014-06-27,10:05:42:541,n-back,13,long,NA,nb_num,NA,NA,NA,{ 3 2 1 2 8 0 9 4 5},5,
PID[134]_tdt_s2_p1_[27-06-2014],sea,Main Experiment,High,2,2014-06-27,10:05:43:024,n-back,13,long,NA,nb_correct,NA,NA,NA,{ 3 2 1 2 8 0 9 4 5},6,
PID[134]_tdt_s2_p1_[27-06-2014],sea,Main Experiment,High,2,2014-06-27,10:05:45:370,n-back,13,long,NA,nb_correct,NA,NA,NA,{ 3 2 1 2 8 0 9 4 5},7,
PID[134]_tdt_s2_p1_[27-06-2014],sea,Main Experiment,High,2,2014-06-27,10:05:45:541,n-back,13,long,NA,nb_num,NA,NA,NA,{ 3 2 1 2 8 0 9 4 5 6},7,
PID[134]_tdt_s2_p1_[27-06-2014],sea,Main Experiment,High,2,2014-06-27,10:05:48:508,n-back,13,long,NA,nb_correct,NA,NA,NA,{ 3 2 1 2 8 0 9 4 5 6},8,
PID[134]_tdt_s2_p1_[27-06-2014],sea,Main Experiment,High,2,2014-06-27,10:05:48:541,n-back,13,long,NA,nb_num,NA,NA,NA,{ 3 2 1 2 8 0 9 4 5 6 8},8,
PID[134]_tdt_s2_p1_[27-06-2014],sea,Main Experiment,High,2,2014-06-27,10:05:51:547,n-back,13,long,NA,nb_num,NA,NA,NA,{ 3 2 1 2 8 0 9 4 5 6 8 3},8,
PID[134]_tdt_s2_p1_[27-06-2014],sea,Main Experiment,High,2,2014-06-27,10:05:51:775,n-back,13,long,NA,nb_correct,NA,NA,NA,{ 3 2 1 2 8 0 9 4 5 6 8 3},9,
PID[134]_tdt_s2_p1_[27-06-2014],sea,Main Experiment,High,2,2014-06-27,10:05:54:238,n-back,13,long,NA,nb_correct,NA,NA,NA,{ 3 2 1 2 8 0 9 4 5 6 8 3},10,
PID[134]_tdt_s2_p1_[27-06-2014],sea,Main Experiment,High,2,2014-06-27,10:05:54:548,n-back,13,long,NA,nb_num,NA,NA,NA,{ 3 2 1 2 8 0 9 4 5 6 8 3 4},10,
PID[134]_tdt_s2_p1_[27-06-2014],sea,Main Experiment,High,2,2014-06-27,10:05:57:057,n-back,13,long,NA,nb_correct,NA,NA,NA,{ 3 2 1 2 8 0 9 4 5 6 8 3 4},11,
PID[134]_tdt_s2_p1_[27-06-2014],sea,Main Experiment,High,2,2014-06-27,10:05:57:549,n-back,13,long,NA,nb_num,NA,NA,NA,{ 3 2 1 2 8 0 9 4 5 6 8 3 4 9},11,
PID[134]_tdt_s2_p1_[27-06-2014],sea,Main Experiment,High,2,2014-06-27,10:06:00:072,n-back,13,long,NA,nb_correct,NA,NA,NA,{ 3 2 1 2 8 0 9 4 5 6 8 3 4 9},12,
PID[134]_tdt_s2_p1_[27-06-2014],sea,Main Experiment,High,2,2014-06-27,10:06:00:550,n-back,13,long,NA,nb_num,NA,NA,NA,{ 3 2 1 2 8 0 9 4 5 6 8 3 4 9 4},12,
PID[134]_tdt_s2_p1_[27-06-2014],sea,Main Experiment,High,2,2014-06-27,10:06:03:550,n-back,13,long,NA,nb_num,NA,NA,NA,{ 3 2 1 2 8 0 9 4 5 6 8 3 4 9 4 9},12,
PID[134]_tdt_s2_p1_[27-06-2014],sea,Main Experiment,High,2,2014-06-27,10:06:06:550,n-back,13,long,NA,nb_num,NA,NA,NA,{ 3 2 1 2 8 0 9 4 5 6 8 3 4 9 4 9 8},12,
PID[134]_tdt_s2_p1_[27-06-2014],sea,Main Experiment,High,2,2014-06-27,10:06:06:618,n-back,13,long,NA,nb_correct,NA,NA,NA,{ 3 2 1 2 8 0 9 4 5 6 8 3 4 9 4 9 8},13,
PID[134]_tdt_s2_p1_[27-06-2014],sea,Main Experiment,High,2,2014-06-27,10:06:09:552,n-back,13,long,NA,nb_num,NA,NA,NA,{ 3 2 1 2 8 0 9 4 5 6 8 3 4 9 4 9 8 2},13,
PID[134]_tdt_s2_p1_[27-06-2014],sea,Main Experiment,High,2,2014-06-27,10:06:09:997,n-back,13,long,NA,nb_correct,NA,NA,NA,{ 3 2 1 2 8 0 9 4 5 6 8 3 4 9 4 9 8 2},14,
PID[134]_tdt_s2_p1_[27-06-2014],sea,Main Experiment,High,2,2014-06-27,10:06:12:068,n-back,13,long,NA,nb_correct,NA,NA,NA,{ 3 2 1 2 8 0 9 4 5 6 8 3 4 9 4 9 8 2},15,
PID[134]_tdt_s2_p1_[27-06-2014],sea,Main Experiment,High,2,2014-06-27,10:06:12:555,n-back,13,long,NA,nb_num,NA,NA,NA,{ 3 2 1 2 8 0 9 4 5 6 8 3 4 9 4 9 8 2 1},15,
PID[134]_tdt_s2_p1_[27-06-2014],sea,Main Experiment,High,2,2014-06-27,10:06:14:942,n-back,13,long,NA,nb_correct,NA,NA,NA,{ 3 2 1 2 8 0 9 4 5 6 8 3 4 9 4 9 8 2 1},16,
PID[134]_tdt_s2_p1_[27-06-2014],sea,Main Experiment,High,2,2014-06-27,10:06:15:555,n-back,13,long,NA,nb_num,NA,NA,NA,{ 3 2 1 2 8 0 9 4 5 6 8 3 4 9 4 9 8 2 1 2},16,
PID[134]_tdt_s2_p1_[27-06-2014],sea,Main Experiment,High,2,2014-06-27,10:06:17:900,n-back,13,long,NA,nb_correct,NA,NA,NA,{ 3 2 1 2 8 0 9 4 5 6 8 3 4 9 4 9 8 2 1 2},17,
PID[134]_tdt_s2_p1_[27-06-2014],sea,Main Experiment,High,2,2014-06-27,10:06:18:555,n-back,13,long,NA,nb_num,NA,NA,NA,{ 3 2 1 2 8 0 9 4 5 6 8 3 4 9 4 9 8 2 1 2 1},17,
PID[134]_tdt_s2_p1_[27-06-2014],sea,Main Experiment,High,2,2014-06-27,10:06:20:953,n-back,13,long,NA,nb_correct,NA,NA,NA,{ 3 2 1 2 8 0 9 4 5 6 8 3 4 9 4 9 8 2 1 2 1},18,
PID[134]_tdt_s2_p1_[27-06-2014],sea,Main Experiment,High,2,2014-06-27,10:08:12:742,calendar,14,short,high,next_task,NA,NA,Jasmine Best Buy Friday 5:00 PM,NA,0,
PID[134]_tdt_s2_p1_[27-06-2014],sea,Main Experiment,High,2,2014-06-27,10:08:26:168,calendar,14,short,high,command_correct,NA,NA,Jasmine Best Buy Friday 5:00 PM,NA,0,
PID[134]_tdt_s2_p1_[27-06-2014],sea,Main Experiment,High,2,2014-06-27,10:08:34:321,calendar,14,short,high,confirm_correct,NA,NA,Jasmine Best Buy Friday 5:00 PM,NA,0,
PID[134]_tdt_s2_p1_[27-06-2014],sea,Main Experiment,High,2,2014-06-27,10:08:34:822,calendar,14,short,high,catch_sys_error,NA,NA,Jasmine Best Buy Friday 5:00 PM,NA,0,
PID[134]_tdt_s2_p1_[27-06-2014],sea,Main Experiment,High,2,2014-06-27,10:08:48:687,calendar,14,short,high,command_correct,NA,NA,Jasmine Best Buy Friday 5:00 PM,NA,0,
PID[134]_tdt_s2_p1_[27-06-2014],sea,Main Experiment,High,2,2014-06-27,10:08:57:316,calendar,14,short,high,confirm_correct,NA,NA,Jasmine Best Buy Friday 5:00 PM,NA,0,
PID[134]_tdt_s2_p1_[27-06-2014],sea,Main Experiment,High,2,2014-06-27,10:08:57:377,calendar,15,short,high,next_task,NA,NA,Sophia Walgreen Wednesday 8:00 AM,NA,0,
PID[134]_tdt_s2_p1_[27-06-2014],sea,Main Experiment,High,2,2014-06-27,10:09:10:553,calendar,15,short,high,command_correct,NA,NA,Sophia Walgreen Wednesday 8:00 AM,NA,0,
PID[134]_tdt_s2_p1_[27-06-2014],sea,Main Experiment,High,2,2014-06-27,10:09:18:680,calendar,15,short,high,confirm_correct,NA,NA,Sophia Walgreen Wednesday 8:00 AM,NA,0,
PID[134]_tdt_s2_p1_[27-06-2014],sea,Main Experiment,High,2,2014-06-27,10:09:19:185,calendar,15,short,high,catch_sys_error,NA,NA,Sophia Walgreen Wednesday 8:00 AM,NA,0,
PID[134]_tdt_s2_p1_[27-06-2014],sea,Main Experiment,High,2,2014-06-27,10:09:32:193,calendar,15,short,high,command_correct,NA,NA,Sophia Walgreen Wednesday 8:00 AM,NA,0,
PID[134]_tdt_s2_p1_[27-06-2014],sea,Main Experiment,High,2,2014-06-27,10:09:40:212,calendar,15,short,high,confirm_correct,NA,NA,Sophia Walgreen Wednesday 8:00 AM,NA,0,
PID[134]_tdt_s2_p1_[27-06-2014],sea,Main Experiment,High,2,2014-06-27,10:09:40:269,calendar,16,short,low,next_task,NA,NA,William Costco Tuesday 5:00 PM,NA,0,
PID[134]_tdt_s2_p1_[27-06-2014],sea,Main Experiment,High,2,2014-06-27,10:09:53:781,calendar,16,short,low,command_correct,NA,NA,William Costco Tuesday 5:00 PM,NA,0,
PID[134]_tdt_s2_p1_[27-06-2014],sea,Main Experiment,High,2,2014-06-27,10:10:02:057,calendar,16,short,low,confirm_correct,NA,NA,William Costco Tuesday 5:00 PM,NA,0,
PID[134]_tdt_s2_p1_[27-06-2014],sea,Main Experiment,High,2,2014-06-27,10:10:03:469,tdt,NA,NA,NA,next_task,NA,NA,NA,NA,0,
PID[134]_tdt_s2_p1_[27-06-2014],sea,Main Experiment,High,2,2014-06-27,10:11:08:590,nav,17,short,high,next_task,NA,9573 Washington Ave,NA,NA,0,
PID[134]_tdt_s2_p1_[27-06-2014],sea,Main Experiment,High,2,2014-06-27,10:11:24:746,nav,17,short,high,command_correct,NA,9573 Washington Ave,NA,NA,0,
PID[134]_tdt_s2_p1_[27-06-2014],sea,Main Experiment,High,2,2014-06-27,10:11:33:769,nav,17,short,high,confirm_correct,NA,9573 Washington Ave,NA,NA,0,
PID[134]_tdt_s2_p1_[27-06-2014],sea,Main Experiment,High,2,2014-06-27,10:11:34:275,nav,17,short,high,catch_sys_error,NA,9573 Washington Ave,NA,NA,0,
PID[134]_tdt_s2_p1_[27-06-2014],sea,Main Experiment,High,2,2014-06-27,10:11:50:244,nav,17,short,high,command_correct,NA,9573 Washington Ave,NA,NA,0,
PID[134]_tdt_s2_p1_[27-06-2014],sea,Main Experiment,High,2,2014-06-27,10:11:59:339,nav,17,short,high,confirm_correct,NA,9573 Washington Ave,NA,NA,0,
PID[134]_tdt_s2_p1_[27-06-2014],sea,Main Experiment,High,2,2014-06-27,10:11:59:443,nav,18,short,high,next_task,NA,8576 Fremont Street,NA,NA,0,
PID[134]_tdt_s2_p1_[27-06-2014],sea,Main Experiment,High,2,2014-06-27,10:12:14:808,nav,18,short,high,command_incorrect,NA,8576 Fremont Street,NA,NA,0,
PID[134]_tdt_s2_p1_[27-06-2014],sea,Main Experiment,High,2,2014-06-27,10:12:32:002,nav,18,short,high,command_correct,NA,8576 Fremont Street,NA,NA,0,
PID[134]_tdt_s2_p1_[27-06-2014],sea,Main Experiment,High,2,2014-06-27,10:12:41:096,nav,18,short,high,confirm_correct,NA,8576 Fremont Street,NA,NA,0,
PID[134]_tdt_s2_p1_[27-06-2014],sea,Main Experiment,High,2,2014-06-27,10:12:41:598,nav,18,short,high,catch_sys_error,NA,8576 Fremont Street,NA,NA,0,
PID[134]_tdt_s2_p1_[27-06-2014],sea,Main Experiment,High,2,2014-06-27,10:12:58:437,nav,18,short,high,command_correct,NA,8576 Fremont Street,NA,NA,0,
PID[134]_tdt_s2_p1_[27-06-2014],sea,Main Experiment,High,2,2014-06-27,10:13:07:390,nav,18,short,high,confirm_correct,NA,8576 Fremont Street,NA,NA,0,
PID[134]_tdt_s2_p1_[27-06-2014],sea,Main Experiment,High,2,2014-06-27,10:13:07:447,nav,19,short,low,next_task,NA,1508 Martin Street,NA,NA,0,
PID[134]_tdt_s2_p1_[27-06-2014],sea,Main Experiment,High,2,2014-06-27,10:13:23:580,nav,19,short,low,command_incorrect,NA,1508 Martin Street,NA,NA,0,
PID[134]_tdt_s2_p1_[27-06-2014],sea,Main Experiment,High,2,2014-06-27,10:13:38:753,nav,19,short,low,command_correct,NA,1508 Martin Street,NA,NA,0,
PID[134]_tdt_s2_p1_[27-06-2014],sea,Main Experiment,High,2,2014-06-27,10:13:47:266,nav,19,short,low,confirm_correct,NA,1508 Martin Street,NA,NA,0,
PID[134]_tdt_s2_p1_[27-06-2014],sea,Main Experiment,High,2,2014-06-27,10:13:47:377,tdt,NA,NA,NA,next_task,NA,NA,NA,NA,0,
PID[134]_tdt_s2_p1_[27-06-2014],sea,Main Experiment,High,2,2014-06-27,10:14:52:500,radio,20,short,high,next_task,Chinese Radio,NA,NA,NA,0,
PID[134]_tdt_s2_p1_[27-06-2014],sea,Main Experiment,High,2,2014-06-27,10:14:59:171,radio,20,short,high,command_correct,Chinese Radio,NA,NA,NA,0,
PID[134]_tdt_s2_p1_[27-06-2014],sea,Main Experiment,High,2,2014-06-27,10:15:07:234,radio,20,short,high,confirm_correct,Chinese Radio,NA,NA,NA,0,
PID[134]_tdt_s2_p1_[27-06-2014],sea,Main Experiment,High,2,2014-06-27,10:15:07:736,radio,20,short,high,catch_sys_error,Chinese Radio,NA,NA,NA,0,
PID[134]_tdt_s2_p1_[27-06-2014],sea,Main Experiment,High,2,2014-06-27,10:15:13:825,radio,20,short,high,command_correct,Chinese Radio,NA,NA,NA,0,
PID[134]_tdt_s2_p1_[27-06-2014],sea,Main Experiment,High,2,2014-06-27,10:15:22:578,radio,20,short,high,confirm_correct,Chinese Radio,NA,NA,NA,0,
PID[134]_tdt_s2_p1_[27-06-2014],sea,Main Experiment,High,2,2014-06-27,10:15:22:631,radio,21,short,high,next_task,R&B Station,NA,NA,NA,0,
PID[134]_tdt_s2_p1_[27-06-2014],sea,Main Experiment,High,2,2014-06-27,10:15:30:490,radio,21,short,high,command_correct,R&B Station,NA,NA,NA,0,
PID[134]_tdt_s2_p1_[27-06-2014],sea,Main Experiment,High,2,2014-06-27,10:15:38:111,radio,21,short,high,confirm_correct,R&B Station,NA,NA,NA,0,
PID[134]_tdt_s2_p1_[27-06-2014],sea,Main Experiment,High,2,2014-06-27,10:15:38:613,radio,21,short,high,catch_sys_error,R&B Station,NA,NA,NA,0,
PID[134]_tdt_s2_p1_[27-06-2014],sea,Main Experiment,High,2,2014-06-27,10:15:45:171,radio,21,short,high,command_correct,R&B Station,NA,NA,NA,0,
PID[134]_tdt_s2_p1_[27-06-2014],sea,Main Experiment,High,2,2014-06-27,10:15:53:293,radio,21,short,high,confirm_correct,R&B Station,NA,NA,NA,0,
PID[134]_tdt_s2_p1_[27-06-2014],sea,Main Experiment,High,2,2014-06-27,10:15:53:362,radio,22,short,high,next_task,Midwest Communications,NA,NA,NA,0,
PID[134]_tdt_s2_p1_[27-06-2014],sea,Main Experiment,High,2,2014-06-27,10:16:01:214,radio,22,short,high,command_correct,Midwest Communications,NA,NA,NA,0,
PID[134]_tdt_s2_p1_[27-06-2014],sea,Main Experiment,High,2,2014-06-27,10:16:09:319,radio,22,short,high,confirm_correct,Midwest Communications,NA,NA,NA,0,
PID[134]_tdt_s2_p1_[27-06-2014],sea,Main Experiment,High,2,2014-06-27,10:16:09:822,radio,22,short,high,catch_sys_error,Midwest Communications,NA,NA,NA,0,
PID[134]_tdt_s2_p1_[27-06-2014],sea,Main Experiment,High,2,2014-06-27,10:16:16:316,radio,22,short,high,command_correct,Midwest Communications,NA,NA,NA,0,
PID[134]_tdt_s2_p1_[27-06-2014],sea,Main Experiment,High,2,2014-06-27,10:16:24:598,radio,23,short,high,next_task,Christian Rock,NA,NA,NA,0,
PID[134]_tdt_s2_p1_[27-06-2014],sea,Main Experiment,High,2,2014-06-27,10:16:24:545,radio,22,short,high,confirm_correct,Midwest Communications,NA,NA,NA,0,
PID[134]_tdt_s2_p1_[27-06-2014],sea,Main Experiment,High,2,2014-06-27,10:16:31:976,radio,23,short,high,command_correct,Christian Rock,NA,NA,NA,0,
PID[134]_tdt_s2_p1_[27-06-2014],sea,Main Experiment,High,2,2014-06-27,10:16:40:075,radio,23,short,high,confirm_correct,Christian Rock,NA,NA,NA,0,
PID[134]_tdt_s2_p1_[27-06-2014],sea,Main Experiment,High,2,2014-06-27,10:16:40:577,radio,23,short,high,catch_sys_error,Christian Rock,NA,NA,NA,0,
PID[134]_tdt_s2_p1_[27-06-2014],sea,Main Experiment,High,2,2014-06-27,10:16:46:674,radio,23,short,high,command_correct,Christian Rock,NA,NA,NA,0,
PID[134]_tdt_s2_p1_[27-06-2014],sea,Main Experiment,High,2,2014-06-27,10:16:54:596,radio,23,short,high,confirm_correct,Christian Rock,NA,NA,NA,0,
PID[134]_tdt_s2_p1_[27-06-2014],sea,Main Experiment,High,2,2014-06-27,10:16:54:656,radio,24,short,low,next_task,Universal Station,NA,NA,NA,0,
PID[134]_tdt_s2_p1_[27-06-2014],sea,Main Experiment,High,2,2014-06-27,10:17:01:963,radio,24,short,low,command_correct,Universal Station,NA,NA,NA,0,
PID[134]_tdt_s2_p1_[27-06-2014],sea,Main Experiment,High,2,2014-06-27,10:17:10:764,radio,24,short,low,confirm_correct,Universal Station,NA,NA,NA,0,
PID[134]_tdt_s2_p1_[27-06-2014],sea,Main Experiment,High,2,2014-06-27,10:17:10:813,radio,25,short,low,next_task,College Station,NA,NA,NA,0,
PID[134]_tdt_s2_p1_[27-06-2014],sea,Main Experiment,High,2,2014-06-27,10:17:17:957,radio,25,short,low,command_correct,College Station,NA,NA,NA,0,
PID[134]_tdt_s2_p1_[27-06-2014],sea,Main Experiment,High,2,2014-06-27,10:17:25:615,radio,25,short,low,confirm_correct,College Station,NA,NA,NA,0,
PID[134]_tdt_s2_p1_[27-06-2014],sea,Main Experiment,High,2,2014-06-27,10:17:25:664,tdt,NA,NA,NA,next_task,NA,NA,NA,NA,0,
PID[134]_tdt_s2_p1_[27-06-2014],sea,Main Experiment,High,2,2014-06-27,10:18:30:744,end,26,short,NA,next_task,NA,NA,NA,NA,0,
